{
  "keys": [
    {
      "id": "the_vault:rune_pool_0",
      "1.0": "config/the_vault/gen/1.0/loot_pools/rune_0.json",
      "name": "Rune Level 0"
    },
    {
      "id": "the_vault:rune_pool_treasure_0",
      "1.0": "config/the_vault/gen/1.0/loot_pools/rune_treasure_0.json",
      "name": "Rune Level 0"
    },
    {
      "id": "the_vault:jewel_pool_treasure_0",
      "1.0": "config/the_vault/gen/1.0/loot_pools/jewels_treasure_0.json",
      "name": "Rune Level 0"
    },
    {
      "id": "the_vault:velara_altar",
      "1.0": "config/the_vault/gen/1.0/loot_pools/velara_altar.json",
      "name": "Velara Altar"
    },
    {
      "id": "the_vault:tenos_altar",
      "1.0": "config/the_vault/gen/1.0/loot_pools/tenos_altar.json",
      "name": "Tenos Altar"
    },
    {
      "id": "the_vault:wendarr_altar",
      "1.0": "config/the_vault/gen/1.0/loot_pools/wendarr_altar.json",
      "name": "Wendarr Altar"
    },
    {
      "id": "the_vault:idona_altar",
      "1.0": "config/the_vault/gen/1.0/loot_pools/idona_altar.json",
      "name": "Idona Altar"
    }
  ]
}