{
  "entries": [
    {
      "roll": {
        "type": "uniform",
        "min": 2,
        "max": 4
      },
      "pool": [
        { "weight": 1,
          "pool": [
            {
              "weight": 16,
              "item": {
                "id": "the_vault:sword",
                "nbt": {
                  "the_vault:gear_roll_type_pool": "gear_completion_crate"
                },
                "count": {
                  "type": "uniform",
                  "min": 1,
                  "max": 1
                  }
              }
            },
            {
              "weight": 16,
              "item": {
                "id": "the_vault:axe",
                "nbt": {
                  "the_vault:gear_roll_type_pool": "gear_completion_crate"
                },
                "count": {
                  "type": "uniform",
                  "min": 1,
                  "max": 1
                  }
              }
            },
            {
              "weight": 16,
              "item": {
                "id": "the_vault:helmet",
                "nbt": {
                  "the_vault:gear_roll_type_pool": "gear_completion_crate"
                },
                "count": {
                  "type": "uniform",
                  "min": 1,
                  "max": 1
                  }
              }
            },
            {
              "weight": 16,
              "item": {
                "id": "the_vault:chestplate",
                "nbt": {
                  "the_vault:gear_roll_type_pool": "gear_completion_crate"
                },
                "count": {
                  "type": "uniform",
                  "min": 1,
                  "max": 1
                  }
              }
            },
            {
              "weight": 16,
              "item": {
                "id": "the_vault:leggings",
                "nbt": {
                  "the_vault:gear_roll_type_pool": "gear_completion_crate"
                },
                "count": {
                  "type": "uniform",
                  "min": 1,
                  "max": 1
                  }
              }
            },
            {
              "weight": 16,
              "item": {
                "id": "the_vault:boots",
                "nbt": {
                  "the_vault:gear_roll_type_pool": "gear_completion_crate"
                },
                "count": {
                  "type": "uniform",
                  "min": 1,
                  "max": 1
                  }
              }
            },
            {
              "weight": 16,
              "item": {
                "id": "the_vault:shield",
                "nbt": {
                  "the_vault:gear_roll_type_pool": "gear_completion_crate"
                },
                "count": {
                  "type": "uniform",
                  "min": 1,
                  "max": 1
                  }
              }
            },
            {
              "weight": 16,
              "item": {
                "id": "the_vault:wand",
                "nbt": {
                  "the_vault:gear_roll_type_pool": "gear_completion_crate"
                },
                "count": {
                  "type": "uniform",
                  "min": 1,
                  "max": 1
                  }
              }
            }
          ]
        }
      ]
    },
    {
      "roll": {
        "type": "uniform",
        "min": 3,
        "max": 6
      },
      "pool": [
        { "weight": 1,
          "pool": [
            {
              "weight": 32,
              "item": {
                "id": "the_vault:jewel",
                "nbt": {
                  "the_vault:gear_roll_type_pool": "jewel_completion_crate"
                },
                "count": {
                  "type": "uniform",
                  "min": 1,
                  "max": 1
                  }
              }
            }
          ]
        }
      ]
    },
    {
      "roll": {
        "type": "uniform",
        "min": 1,
        "max": 1
      },
      "pool": [
        { "weight": 1,
          "pool": [
            {
              "weight": 4,
              "item": {
                "id": "the_vault:unidentified_relic_fragment",
                "count": {
                  "type": "uniform",
                  "min": 1,
                  "max": 1
                  }
              }
            },
            {
              "weight": 4,
              "item": {
                "id": "the_vault:bitter_lemon",
                "count": {
                  "type": "uniform",
                  "min": 1,
                  "max": 1
                  }
              }
            },
            {
              "weight": 10,
              "item": {
                "id": "the_vault:regret_orb",
                "count": {
                  "type": "uniform",
                  "min": 1,
                  "max": 1
                  }
              }
            },
            {
              "weight": 20,
              "item": {
                "id": "the_vault:mystery_box",
                "count": {
                  "type": "uniform",
                  "min": 1,
                  "max": 1
                  }
              }
            },
            {
              "weight": 4,
              "item": {
                "id": "the_vault:mystery_egg",
                "count": {
                  "type": "uniform",
                  "min": 1,
                  "max": 1
                  }
              }
            }
          ]
        }
      ]
    },
    {
      "roll": {
        "type": "uniform",
        "min": 16,
        "max": 16
      },
      "pool": [
        { "weight": 1,
          "pool": [
            {
              "weight": 4,
              "item": {
                "id": "the_vault:vault_diamond",
                "count": {
                  "type": "uniform",
                  "min": 1,
                  "max": 1
                  }
              }
            },
            {
              "weight": 8,
              "item": {
                "id": "the_vault:vault_bronze",
                "count": {
                  "type": "uniform",
                  "min": 2,
                  "max": 4
                  }
              }
            },
            {
              "weight": 8,
              "item": {
                "id": "the_vault:vault_silver",
                "count": {
                  "type": "uniform",
                  "min": 1,
                  "max": 1
                  }
              }
            },
            {
              "weight": 4,
              "item": {
                "id": "the_vault:relic_booster_pack",
                "count": {
                  "type": "uniform",
                  "min": 1,
                  "max": 1
                  }
              }
            },
            {
              "weight": 1,
              "item": {
                "id": "the_vault:crystal_seal_empty",
                "count": {
                  "type": "uniform",
                  "min": 1,
                  "max": 1
                  }
              }
            }
          ]
        }
      ]
    }
  ]
}