{
  "modifierGroup": {
    "IMPLICIT": [
      { "attribute": "the_vault:durability",
        "group": "BaseDurability",
        "identifier": "the_vault:base_durability",
        "tiers": [
          {
            "minLevel": 0,
            "maxLevel": 62,
            "weight": 10,
            "value": {
              "min": 800,
              "max": 1600,
              "step": 1
            }
          },
          {
            "minLevel": 21,
            "maxLevel": -1,
            "weight": 10,
            "value": {
              "min": 1601,
              "max": 2400,
              "step": 1
            }
          },
          {
            "minLevel": 42,
            "maxLevel": -1,
            "weight": 10,
            "value": {
              "min": 2401,
              "max": 3200,
              "step": 1
            }
          },
          {
            "minLevel": 63,
            "maxLevel": -1,
            "weight": 10,
            "value": {
              "min": 3201,
              "max": 4000,
              "step": 1
            }
          },
          {
            "minLevel": 88,
            "maxLevel": -1,
            "weight": 10,
            "value": {
              "min": 4001,
              "max": 5000,
              "step": 1
            }
          }
        ]
      },
      { "attribute": "the_vault:block",
        "group": "BaseBlock",
        "identifier": "the_vault:base_block",
        "tiers": [
          {
            "minLevel": 0,
            "maxLevel": 35,
            "weight": 10,
            "value": {
              "min": 0.05,
              "max": 0.1,
              "step": 0.01
            }
          },
          {
            "minLevel": 18,
            "maxLevel": 51,
            "weight": 10,
            "value": {
              "min": 0.11,
              "max": 0.15,
              "step": 0.01
            }
          },
          {
            "minLevel": 36,
            "maxLevel": 77,
            "weight": 10,
            "value": {
              "min": 0.16,
              "max": 0.2,
              "step": 0.01
            }
          },
          {
            "minLevel": 52,
            "maxLevel": -1,
            "weight": 10,
            "value": {
              "min": 0.21,
              "max": 0.25,
              "step": 0.01
            }
          },
          {
            "minLevel": 78,
            "maxLevel": -1,
            "weight": 10,
            "value": {
              "min": 0.26,
              "max": 0.3,
              "step": 0.01
            }
          },
          {
            "minLevel": 90,
            "maxLevel": -1,
            "weight": 10,
            "value": {
              "min": 0.31,
              "max": 0.35,
              "step": 0.01
            }
          },
          {
            "minLevel": 99,
            "maxLevel": -1,
            "weight": 10,
            "value": {
              "min": 0.36,
              "max": 0.4,
              "step": 0.01
            }
          }
        ]
      },
      { "attribute": "the_vault:thorns_damage_flat",
        "group": "BaseBlock",
        "identifier": "the_vault:base_thorns_damage_flat",
        "tiers": [
          {
            "minLevel": 0,
            "maxLevel": 35,
            "weight": 10,
            "value": {
              "min": 6.0,
              "max": 9.0,
              "step": 0.5
            }
          },
          {
            "minLevel": 19,
            "maxLevel": 49,
            "weight": 10,
            "value": {
              "min": 10.0,
              "max": 15.0,
              "step": 0.5
            }
          },
          {
            "minLevel": 36,
            "maxLevel": 67,
            "weight": 10,
            "value": {
              "min": 16.0,
              "max": 22.0,
              "step": 0.5
            }
          },
          {
            "minLevel": 50,
            "maxLevel": -1,
            "weight": 10,
            "value": {
              "min": 23.0,
              "max": 30.0,
              "step": 0.5
            }
          },
          {
            "minLevel": 68,
            "maxLevel": -1,
            "weight": 10,
            "value": {
              "min": 31.0,
              "max": 40.0,
              "step": 0.5
            }
          },
          {
            "minLevel": 90,
            "maxLevel": -1,
            "weight": 10,
            "value": {
              "min": 41.0,
              "max": 50.0,
              "step": 0.5
            }
          }
        ]
      },
      { "attribute": "the_vault:soulbound",
        "group": "BaseSoulbound",
        "identifier": "the_vault:base_soulbound",
        "tags": [
        ],
        "tiers": [
          {
            "minLevel": 0,
            "maxLevel": -1,
            "weight": 20,
            "value": {
              "flag": true
            }
          }
        ]
      },
      { "attribute": "the_vault:soulbound",
        "group": "BaseSoulbound",
        "identifier": "the_vault:base_no_soulbound",
        "tags": [
        ],
        "tiers": [
          {
            "minLevel": 0,
            "maxLevel": -1,
            "weight": 80,
            "value": {
              "flag": false
            }
          }
        ]
      }
    ],
    "PREFIX": [
      { "attribute": "the_vault:health",
        "group": "ModHealth",
        "identifier": "the_vault:mod_health",
        "tags": [
          "focusHealth"
        ],
        "tiers": [
          {
            "minLevel": 0,
            "maxLevel": -1,
            "weight": 10,
            "value": {
              "min": 2,
              "max": 3,
              "step": 1
            }
          },
          {
            "minLevel": 27,
            "maxLevel": -1,
            "weight": 10,
            "value": {
              "min": 4,
              "max": 5,
              "step": 1
            }
          },
          {
            "minLevel": 53,
            "maxLevel": -1,
            "weight": 10,
            "value": {
              "min": 6,
              "max": 7,
              "step": 1
            }
          },
          {
            "minLevel": 80,
            "maxLevel": -1,
            "weight": 10,
            "value": {
              "min": 8,
              "max": 9,
              "step": 1
            }
          },
          {
            "minLevel": 92,
            "maxLevel": -1,
            "weight": 10,
            "value": {
              "min": 10,
              "max": 11,
              "step": 1
            }
          },
          {
            "minLevel": 101,
            "maxLevel": -1,
            "weight": 10,
            "value": {
              "min": 12,
              "max": 12,
              "step": 1
            }
          },
          {
            "minLevel": 101,
            "maxLevel": -1,
            "weight": 10,
            "value": {
              "min": 13,
              "max": 13,
              "step": 1
            }
          }
        ]
      },
      { "attribute": "the_vault:thorns_damage_flat",
        "group": "ModBlockThorns",
        "identifier": "the_vault:mod_thorns_damage",
        "tags": [
          "focusThornsDamage"
        ],
        "tiers": [
          {
            "minLevel": 0,
            "maxLevel": 51,
            "weight": 10,
            "value": {
              "min": 2.0,
              "max": 5.0,
              "step": 0.5
            }
          },
          {
            "minLevel": 22,
            "maxLevel": 65,
            "weight": 10,
            "value": {
              "min": 6.0,
              "max": 10.0,
              "step": 0.5
            }
          },
          {
            "minLevel": 41,
            "maxLevel": -1,
            "weight": 10,
            "value": {
              "min": 11.0,
              "max": 16.0,
              "step": 0.5
            }
          },
          {
            "minLevel": 52,
            "maxLevel": -1,
            "weight": 10,
            "value": {
              "min": 17.0,
              "max": 21.0,
              "step": 0.5
            }
          },
          {
            "minLevel": 66,
            "maxLevel": -1,
            "weight": 10,
            "value": {
              "min": 22.0,
              "max": 26.0,
              "step": 0.5
            }
          },
          {
            "minLevel": 78,
            "maxLevel": -1,
            "weight": 10,
            "value": {
              "min": 27.0,
              "max": 32.0,
              "step": 0.5
            }
          },
          {
            "minLevel": 90,
            "maxLevel": -1,
            "weight": 10,
            "value": {
              "min": 33.0,
              "max": 37.0,
              "step": 0.5
            }
          },
          {
            "minLevel": 100,
            "maxLevel": -1,
            "weight": 10,
            "value": {
              "min": 38.0,
              "max": 44.0,
              "step": 0.5
            }
          },
          {
            "minLevel": 101,
            "maxLevel": -1,
            "weight": 10,
            "value": {
              "min": 45.0,
              "max": 55.0,
              "step": 0.5
            }
          },
          {
            "minLevel": 102,
            "maxLevel": -1,
            "weight": 10,
            "value": {
              "min": 56.0,
              "max": 75.0,
              "step": 0.5
            }
          }
        ]
      },
      { "attribute": "the_vault:resistance",
        "group": "ModRes",
        "identifier": "the_vault:mod_resistance",
        "tags": [
          "focusResistance"
        ],
        "tiers": [
          {
            "minLevel": 17,
            "maxLevel": -1,
            "weight": 10,
            "value": {
              "min": 0.04,
              "max": 0.06,
              "step": 0.01
            }
          },
          {
            "minLevel": 36,
            "maxLevel": -1,
            "weight": 10,
            "value": {
              "min": 0.07,
              "max": 0.09,
              "step": 0.01
            }
          },
          {
            "minLevel": 57,
            "maxLevel": -1,
            "weight": 10,
            "value": {
              "min": 0.1,
              "max": 0.12,
              "step": 0.01
            }
          },
          {
            "minLevel": 82,
            "maxLevel": -1,
            "weight": 10,
            "value": {
              "min": 0.13,
              "max": 0.16,
              "step": 0.01
            }
          },
          {
            "minLevel": 101,
            "maxLevel": -1,
            "weight": 10,
            "value": {
              "min": 0.17,
              "max": 0.18,
              "step": 0.01
            }
          },
          {
            "minLevel": 102,
            "maxLevel": -1,
            "weight": 10,
            "value": {
              "min": 0.19,
              "max": 0.20,
              "step": 0.01
            }
          }
        ]
      },
      { "attribute": "the_vault:block",
        "group": "ModBlockThorns",
        "identifier": "the_vault:mod_block",
        "tags": [
          "focusBlock"
        ],
        "tiers": [
          {
            "minLevel": 0,
            "maxLevel": -1,
            "weight": 10,
            "value": {
              "min": 0.03,
              "max": 0.05,
              "step": 0.01
            }
          },
          {
            "minLevel": 24,
            "maxLevel": -1,
            "weight": 10,
            "value": {
              "min": 0.06,
              "max": 0.08,
              "step": 0.01
            }
          },
          {
            "minLevel": 49,
            "maxLevel": -1,
            "weight": 10,
            "value": {
              "min": 0.09,
              "max": 0.11,
              "step": 0.01
            }
          },
          {
            "minLevel": 66,
            "maxLevel": -1,
            "weight": 10,
            "value": {
              "min": 0.12,
              "max": 0.14,
              "step": 0.01
            }
          },
          {
            "minLevel": 90,
            "maxLevel": -1,
            "weight": 10,
            "value": {
              "min": 0.15,
              "max": 0.17,
              "step": 0.01
            }
          },
          {
            "minLevel": 101,
            "maxLevel": -1,
            "weight": 10,
            "value": {
              "min": 0.18,
              "max": 0.21,
              "step": 0.01
            }
          },
          {
            "minLevel": 102,
            "maxLevel": -1,
            "weight": 10,
            "value": {
              "min": 0.22,
              "max": 0.25,
              "step": 0.01
            }
          }
        ]
      },
      { "attribute": "the_vault:soul_chance",
        "group": "ModSoulChance",
        "identifier": "the_vault:mod_soul_chance",
        "tags": [
          "focusSoulChance"
        ],
        "tiers": [
          {
            "minLevel": 0,
            "maxLevel": -1,
            "weight": 10,
            "value": {
              "min": 0.1,
              "max": 0.2,
              "step": 0.01
            }
          },
          {
            "minLevel": 28,
            "maxLevel": -1,
            "weight": 10,
            "value": {
              "min": 0.21,
              "max": 0.3,
              "step": 0.01
            }
          },
          {
            "minLevel": 45,
            "maxLevel": -1,
            "weight": 10,
            "value": {
              "min": 0.31,
              "max": 0.4,
              "step": 0.01
            }
          },
          {
            "minLevel": 75,
            "maxLevel": -1,
            "weight": 10,
            "value": {
              "min": 0.41,
              "max": 0.5,
              "step": 0.01
            }
          },
          {
            "minLevel": 101,
            "maxLevel": -1,
            "weight": 10,
            "value": {
              "min": 0.51,
              "max": 0.7,
              "step": 0.01
            }
          },
          {
            "minLevel": 102,
            "maxLevel": -1,
            "weight": 10,
            "value": {
              "min": 0.71,
              "max": 1.0,
              "step": 0.01
            }
          }
        ]
      }
    ],
    "SUFFIX": [
      { "attribute": "the_vault:knockback_resistance",
        "group": "ModKnockbackResistance",
        "identifier": "the_vault:mod_knockback_resistance",
        "tags": [
          "focusKnockbackRes"
        ],
        "tiers": [
          {
            "minLevel": 0,
            "maxLevel": 56,
            "weight": 600,
            "value": {
              "min": 0.05,
              "max": 0.1,
              "step": 0.01
            }
          },
          {
            "minLevel": 15,
            "maxLevel": 88,
            "weight": 600,
            "value": {
              "min": 0.11,
              "max": 0.14,
              "step": 0.01
            }
          },
          {
            "minLevel": 32,
            "maxLevel": -1,
            "weight": 600,
            "value": {
              "min": 0.15,
              "max": 0.19,
              "step": 0.01
            }
          },
          {
            "minLevel": 57,
            "maxLevel": -1,
            "weight": 600,
            "value": {
              "min": 0.2,
              "max": 0.24,
              "step": 0.01
            }
          },
          {
            "minLevel": 89,
            "maxLevel": -1,
            "weight": 600,
            "value": {
              "min": 0.25,
              "max": 0.3,
              "step": 0.01
            }
          },
          {
            "minLevel": 101,
            "maxLevel": -1,
            "weight": 600,
            "value": {
              "min": 0.31,
              "max": 0.5,
              "step": 0.01
            }
          },
          {
            "minLevel": 102,
            "maxLevel": -1,
            "weight": 600,
            "value": {
              "min": 0.51,
              "max": 0.7,
              "step": 0.01
            }
          }
        ]
      },
      { "attribute": "the_vault:durability",
        "group": "ModDurability",
        "identifier": "the_vault:mod_durability",
        "tags": [
          "focusDurability",
          "noLegendary"
        ],
        "tiers": [
          {
            "minLevel": 11,
            "maxLevel": 66,
            "weight": 600,
            "value": {
              "min": 400,
              "max": 800,
              "step": 1
            }
          },
          {
            "minLevel": 28,
            "maxLevel": -1,
            "weight": 600,
            "value": {
              "min": 801,
              "max": 1600,
              "step": 1
            }
          },
          {
            "minLevel": 46,
            "maxLevel": -1,
            "weight": 600,
            "value": {
              "min": 1601,
              "max": 2400,
              "step": 1
            }
          },
          {
            "minLevel": 67,
            "maxLevel": -1,
            "weight": 600,
            "value": {
              "min": 2401,
              "max": 3200,
              "step": 1
            }
          },
          {
            "minLevel": 89,
            "maxLevel": -1,
            "weight": 600,
            "value": {
              "min": 3201,
              "max": 4000,
              "step": 1
            }
          },
          {
            "minLevel": 101,
            "maxLevel": -1,
            "weight": 100,
            "value": {
              "min": 4001,
              "max": 6000,
              "step": 1
            }
          },
          {
            "minLevel": 102,
            "maxLevel": -1,
            "weight": 100,
            "value": {
              "min": 6001,
              "max": 8000,
              "step": 1
            }
          }
        ]
      },
      { "attribute": "the_vault:effect_cloud_when_hit",
        "group": "ModOnHit",
        "identifier": "the_vault:mod_healing_cloud",
        "tags": [
          "focusHealingCloud"
        ],
        "tiers": [
          {
            "minLevel": 0,
            "maxLevel": -1,
            "weight": 4,
            "value": {
              "tooltipDisplayName": "Healing",
              "potion": "minecraft:empty",
              "additionalEffects": [
                {
                  "effect": "minecraft:instant_health",
                  "duration": 20,
                  "amplifier": 0,
                  "showParticles": true,
                  "showIcon": true
                }
              ],
              "duration": 80,
              "radius": 4.0,
              "color": 16150747,
              "affectsOwner": true,
              "triggerChance": 0.02
            }
          },
          {
            "minLevel": 32,
            "maxLevel": -1,
            "weight": 4,
            "value": {
              "tooltipDisplayName": "Healing II",
              "potion": "minecraft:empty",
              "additionalEffects": [
                {
                  "effect": "minecraft:instant_health",
                  "duration": 20,
                  "amplifier": 0,
                  "showParticles": true,
                  "showIcon": true
                }
              ],
              "duration": 120,
              "radius": 4.0,
              "color": 16150747,
              "affectsOwner": true,
              "triggerChance": 0.02
            }
          },
          {
            "minLevel": 64,
            "maxLevel": -1,
            "weight": 4,
            "value": {
              "tooltipDisplayName": "Healing III",
              "potion": "minecraft:empty",
              "additionalEffects": [
                {
                  "effect": "minecraft:instant_health",
                  "duration": 20,
                  "amplifier": 0,
                  "showParticles": true,
                  "showIcon": true
                }
              ],
              "duration": 160,
              "radius": 5.0,
              "color": 16150747,
              "affectsOwner": true,
              "triggerChance": 0.02
            }
          },
          {
            "minLevel": 101,
            "maxLevel": -1,
            "weight": 4,
            "value": {
              "tooltipDisplayName": "Healing IV",
              "potion": "minecraft:empty",
              "additionalEffects": [
                {
                  "effect": "minecraft:instant_health",
                  "duration": 20,
                  "amplifier": 0,
                  "showParticles": true,
                  "showIcon": true
                }
              ],
              "duration": 200,
              "radius": 5.0,
              "color": 16150747,
              "affectsOwner": true,
              "triggerChance": 0.02
            }
          },
          {
            "minLevel": 102,
            "maxLevel": -1,
            "weight": 4,
            "value": {
              "tooltipDisplayName": "Healing V",
              "potion": "minecraft:empty",
              "additionalEffects": [
                {
                  "effect": "minecraft:instant_health",
                  "duration": 20,
                  "amplifier": 0,
                  "showParticles": true,
                  "showIcon": true
                }
              ],
              "duration": 240,
              "radius": 5.0,
              "color": 16150747,
              "affectsOwner": true,
              "triggerChance": 0.02
            }
          }
        ]
      },
      { "attribute": "the_vault:effect_cloud_when_hit",
        "group": "ModOnHit",
        "identifier": "the_vault:mod_wither_cloud",
        "tiers": [
          {
            "minLevel": 0,
            "maxLevel": -1,
            "weight": 0,
            "value": {
              "tooltipDisplayName": "Wither",
              "potion": "minecraft:empty",
              "additionalEffects": [
                {
                  "effect": "minecraft:wither",
                  "duration": 140,
                  "amplifier": 1,
                  "showParticles": true,
                  "showIcon": true
                }
              ],
              "duration": 60,
              "radius": 4.0,
              "color": 3812162,
              "affectsOwner": false,
              "triggerChance": 0.05
            }
          },
          {
            "minLevel": 6,
            "maxLevel": -1,
            "weight": 0,
            "value": {
              "tooltipDisplayName": "Wither+",
              "potion": "minecraft:empty",
              "additionalEffects": [
                {
                  "effect": "minecraft:wither",
                  "duration": 80,
                  "amplifier": 4,
                  "showParticles": true,
                  "showIcon": true
                }
              ],
              "duration": 5,
              "radius": 24.0,
              "color": 3812162,
              "affectsOwner": false,
              "triggerChance": 0.05
            }
          },
          {
            "minLevel": 32,
            "maxLevel": -1,
            "weight": 0,
            "value": {
              "tooltipDisplayName": "Wither II",
              "potion": "minecraft:empty",
              "additionalEffects": [
                {
                  "effect": "minecraft:wither",
                  "duration": 140,
                  "amplifier": 2,
                  "showParticles": true,
                  "showIcon": true
                }
              ],
              "duration": 60,
              "radius": 4.0,
              "color": 3812162,
              "affectsOwner": false,
              "triggerChance": 0.05
            }
          },
          {
            "minLevel": 38,
            "maxLevel": -1,
            "weight": 0,
            "value": {
              "tooltipDisplayName": "Wither II+",
              "potion": "minecraft:empty",
              "additionalEffects": [
                {
                  "effect": "minecraft:wither",
                  "duration": 80,
                  "amplifier": 8,
                  "showParticles": true,
                  "showIcon": true
                }
              ],
              "duration": 5,
              "radius": 24.0,
              "color": 3812162,
              "affectsOwner": false,
              "triggerChance": 0.05
            }
          },
          {
            "minLevel": 64,
            "maxLevel": -1,
            "weight": 0,
            "value": {
              "tooltipDisplayName": "Wither III",
              "potion": "minecraft:empty",
              "additionalEffects": [
                {
                  "effect": "minecraft:wither",
                  "duration": 140,
                  "amplifier": 3,
                  "showParticles": true,
                  "showIcon": true
                }
              ],
              "duration": 60,
              "radius": 4.0,
              "color": 3812162,
              "affectsOwner": false,
              "triggerChance": 0.05
            }
          },
          {
            "minLevel": 72,
            "maxLevel": -1,
            "weight": 0,
            "value": {
              "tooltipDisplayName": "Wither III+",
              "potion": "minecraft:empty",
              "additionalEffects": [
                {
                  "effect": "minecraft:wither",
                  "duration": 80,
                  "amplifier": 12,
                  "showParticles": true,
                  "showIcon": true
                }
              ],
              "duration": 5,
              "radius": 24.0,
              "color": 3812162,
              "affectsOwner": false,
              "triggerChance": 0.05
            }
          },
          {
            "minLevel": 101,
            "maxLevel": -1,
            "weight": 0,
            "value": {
              "tooltipDisplayName": "Wither IV",
              "potion": "minecraft:empty",
              "additionalEffects": [
                {
                  "effect": "minecraft:wither",
                  "duration": 140,
                  "amplifier": 4,
                  "showParticles": true,
                  "showIcon": true
                }
              ],
              "duration": 60,
              "radius": 4.0,
              "color": 3812162,
              "affectsOwner": false,
              "triggerChance": 0.05
            }
          },
          {
            "minLevel": 102,
            "maxLevel": -1,
            "weight": 0,
            "value": {
              "tooltipDisplayName": "Wither IV+",
              "potion": "minecraft:empty",
              "additionalEffects": [
                {
                  "effect": "minecraft:wither",
                  "duration": 80,
                  "amplifier": 16,
                  "showParticles": true,
                  "showIcon": true
                }
              ],
              "duration": 5,
              "radius": 24.0,
              "color": 3812162,
              "affectsOwner": false,
              "triggerChance": 0.05
            }
          }
        ]
      },
      { "attribute": "the_vault:effect_cloud_when_hit",
        "group": "ModOnHit",
        "identifier": "the_vault:mod_slowness_cloud",
        "tags": [
          "focusSlownessCloud"
        ],
        "tiers": [
          {
            "minLevel": 0,
            "maxLevel": -1,
            "weight": 10,
            "value": {
              "tooltipDisplayName": "Slowness",
              "potion": "minecraft:empty",
              "additionalEffects": [
                {
                  "effect": "minecraft:slowness",
                  "duration": 140,
                  "amplifier": 0,
                  "showParticles": true,
                  "showIcon": true
                }
              ],
              "duration": 120,
              "radius": 4.0,
              "color": 7400423,
              "affectsOwner": false,
              "triggerChance": 0.05
            }
          },
          {
            "minLevel": 32,
            "maxLevel": -1,
            "weight": 10,
            "value": {
              "tooltipDisplayName": "Slowness II",
              "potion": "minecraft:empty",
              "additionalEffects": [
                {
                  "effect": "minecraft:slowness",
                  "duration": 140,
                  "amplifier": 0,
                  "showParticles": true,
                  "showIcon": true
                }
              ],
              "duration": 160,
              "radius": 4.0,
              "color": 7400423,
              "affectsOwner": false,
              "triggerChance": 0.05
            }
          },
          {
            "minLevel": 64,
            "maxLevel": -1,
            "weight": 10,
            "value": {
              "tooltipDisplayName": "Slowness III",
              "potion": "minecraft:empty",
              "additionalEffects": [
                {
                  "effect": "minecraft:slowness",
                  "duration": 140,
                  "amplifier": 0,
                  "showParticles": true,
                  "showIcon": true
                }
              ],
              "duration": 200,
              "radius": 4.0,
              "color": 7400423,
              "affectsOwner": false,
              "triggerChance": 0.05
            }
          },
          {
            "minLevel": 101,
            "maxLevel": -1,
            "weight": 10,
            "value": {
              "tooltipDisplayName": "Slowness IV",
              "potion": "minecraft:empty",
              "additionalEffects": [
                {
                  "effect": "minecraft:slowness",
                  "duration": 140,
                  "amplifier": 1,
                  "showParticles": true,
                  "showIcon": true
                }
              ],
              "duration": 240,
              "radius": 4.0,
              "color": 7400423,
              "affectsOwner": false,
              "triggerChance": 0.05
            }
          },
          {
            "minLevel": 102,
            "maxLevel": -1,
            "weight": 10,
            "value": {
              "tooltipDisplayName": "Slowness V",
              "potion": "minecraft:empty",
              "additionalEffects": [
                {
                  "effect": "minecraft:slowness",
                  "duration": 140,
                  "amplifier": 1,
                  "showParticles": true,
                  "showIcon": true
                }
              ],
              "duration": 300,
              "radius": 4.0,
              "color": 7400423,
              "affectsOwner": false,
              "triggerChance": 0.05
            }
          }
        ]
      },
      { "attribute": "the_vault:effect_cloud_when_hit",
        "group": "ModOnHit",
        "identifier": "the_vault:mod_chilling_cloud",
        "tags": [
          "focusChillingCloud"
        ],
        "tiers": [
          {
            "minLevel": 0,
            "maxLevel": -1,
            "weight": 10,
            "value": {
              "tooltipDisplayName": "Chilling",
              "potion": "minecraft:empty",
              "additionalEffects": [
                {
                  "effect": "the_vault:chilled",
                  "duration": 140,
                  "amplifier": 0,
                  "showParticles": true,
                  "showIcon": true
                }
              ],
              "duration": 120,
              "radius": 4.0,
              "color": 3138042,
              "affectsOwner": false,
              "triggerChance": 0.05
            }
          },
          {
            "minLevel": 32,
            "maxLevel": -1,
            "weight": 10,
            "value": {
              "tooltipDisplayName": "Chilling II",
              "potion": "minecraft:empty",
              "additionalEffects": [
                {
                  "effect": "the_vault:chilled",
                  "duration": 140,
                  "amplifier": 0,
                  "showParticles": true,
                  "showIcon": true
                }
              ],
              "duration": 160,
              "radius": 4.0,
              "color": 3138042,
              "affectsOwner": false,
              "triggerChance": 0.05
            }
          },
          {
            "minLevel": 64,
            "maxLevel": -1,
            "weight": 10,
            "value": {
              "tooltipDisplayName": "Chilling III",
              "potion": "minecraft:empty",
              "additionalEffects": [
                {
                  "effect": "the_vault:chilled",
                  "duration": 140,
                  "amplifier": 0,
                  "showParticles": true,
                  "showIcon": true
                }
              ],
              "duration": 200,
              "radius": 4.0,
              "color": 3138042,
              "affectsOwner": false,
              "triggerChance": 0.05
            }
          },
          {
            "minLevel": 101,
            "maxLevel": -1,
            "weight": 10,
            "value": {
              "tooltipDisplayName": "Chilling IV",
              "potion": "minecraft:empty",
              "additionalEffects": [
                {
                  "effect": "the_vault:chilled",
                  "duration": 140,
                  "amplifier": 1,
                  "showParticles": true,
                  "showIcon": true
                }
              ],
              "duration": 240,
              "radius": 4.0,
              "color": 3138042,
              "affectsOwner": false,
              "triggerChance": 0.05
            }
          },
          {
            "minLevel": 102,
            "maxLevel": -1,
            "weight": 10,
            "value": {
              "tooltipDisplayName": "Chilling V",
              "potion": "minecraft:empty",
              "additionalEffects": [
                {
                  "effect": "the_vault:chilled",
                  "duration": 140,
                  "amplifier": 1,
                  "showParticles": true,
                  "showIcon": true
                }
              ],
              "duration": 300,
              "radius": 4.0,
              "color": 3138042,
              "affectsOwner": false,
              "triggerChance": 0.05
            }
          }
        ]
      },
      { "attribute": "the_vault:effect_cloud_when_hit",
        "group": "ModOnHit",
        "identifier": "the_vault:mod_weakness_cloud",
        "tags": [
          "focusWeaknessCloud"
        ],
        "tiers": [
          {
            "minLevel": 0,
            "maxLevel": 20,
            "weight": 0,
            "value": {
              "tooltipDisplayName": "Weakness",
              "potion": "minecraft:empty",
              "additionalEffects": [
                {
                  "effect": "minecraft:weakness",
                  "duration": 140,
                  "amplifier": 1,
                  "showParticles": true,
                  "showIcon": true
                }
              ],
              "duration": 60,
              "radius": 4.0,
              "color": 10906908,
              "affectsOwner": false,
              "triggerChance": 0.05
            }
          },
          {
            "minLevel": 6,
            "maxLevel": 20,
            "weight": 0,
            "value": {
              "tooltipDisplayName": "Weakness+",
              "potion": "minecraft:empty",
              "additionalEffects": [
                {
                  "effect": "minecraft:weakness",
                  "duration": 80,
                  "amplifier": 3,
                  "showParticles": true,
                  "showIcon": true
                }
              ],
              "duration": 5,
              "radius": 24.0,
              "color": 10906908,
              "affectsOwner": false,
              "triggerChance": 0.05
            }
          },
          {
            "minLevel": 32,
            "maxLevel": -1,
            "weight": 0,
            "value": {
              "tooltipDisplayName": "Weakness II",
              "potion": "minecraft:empty",
              "additionalEffects": [
                {
                  "effect": "minecraft:weakness",
                  "duration": 140,
                  "amplifier": 2,
                  "showParticles": true,
                  "showIcon": true
                }
              ],
              "duration": 60,
              "radius": 4.0,
              "color": 10906908,
              "affectsOwner": false,
              "triggerChance": 0.05
            }
          },
          {
            "minLevel": 38,
            "maxLevel": -1,
            "weight": 0,
            "value": {
              "tooltipDisplayName": "Weakness II+",
              "potion": "minecraft:empty",
              "additionalEffects": [
                {
                  "effect": "minecraft:weakness",
                  "duration": 80,
                  "amplifier": 4,
                  "showParticles": true,
                  "showIcon": true
                }
              ],
              "duration": 5,
              "radius": 24.0,
              "color": 10906908,
              "affectsOwner": false,
              "triggerChance": 0.05
            }
          },
          {
            "minLevel": 64,
            "maxLevel": -1,
            "weight": 0,
            "value": {
              "tooltipDisplayName": "Weakness III",
              "potion": "minecraft:empty",
              "additionalEffects": [
                {
                  "effect": "minecraft:weakness",
                  "duration": 140,
                  "amplifier": 3,
                  "showParticles": true,
                  "showIcon": true
                }
              ],
              "duration": 60,
              "radius": 4.0,
              "color": 10906908,
              "affectsOwner": false,
              "triggerChance": 0.05
            }
          },
          {
            "minLevel": 72,
            "maxLevel": -1,
            "weight": 0,
            "value": {
              "tooltipDisplayName": "Weakness III+",
              "potion": "minecraft:empty",
              "additionalEffects": [
                {
                  "effect": "minecraft:weakness",
                  "duration": 80,
                  "amplifier": 5,
                  "showParticles": true,
                  "showIcon": true
                }
              ],
              "duration": 5,
              "radius": 24.0,
              "color": 10906908,
              "affectsOwner": false,
              "triggerChance": 0.05
            }
          },
          {
            "minLevel": 101,
            "maxLevel": -1,
            "weight": 0,
            "value": {
              "tooltipDisplayName": "Weakness IV",
              "potion": "minecraft:empty",
              "additionalEffects": [
                {
                  "effect": "minecraft:weakness",
                  "duration": 140,
                  "amplifier": 4,
                  "showParticles": true,
                  "showIcon": true
                }
              ],
              "duration": 60,
              "radius": 4.0,
              "color": 10906908,
              "affectsOwner": false,
              "triggerChance": 0.05
            }
          },
          {
            "minLevel": 102,
            "maxLevel": -1,
            "weight": 0,
            "value": {
              "tooltipDisplayName": "Weakness IV+",
              "potion": "minecraft:empty",
              "additionalEffects": [
                {
                  "effect": "minecraft:weakness",
                  "duration": 80,
                  "amplifier": 6,
                  "showParticles": true,
                  "showIcon": true
                }
              ],
              "duration": 5,
              "radius": 24.0,
              "color": 10906908,
              "affectsOwner": false,
              "triggerChance": 0.05
            }
          }
        ]
      },
      { "attribute": "the_vault:lucky_hit_chance",
        "group": "ModOnHit",
        "identifier": "the_vault:mod_lucky_hit_chance",
        "tags": [
          "focusLuckyHitChance"
        ],
        "tiers": [
          {
            "minLevel": 25,
            "maxLevel": -1,
            "weight": 10,
            "value": {
              "min": 0.04,
              "max": 0.06,
              "step": 0.01
            }
          },
          {
            "minLevel": 50,
            "maxLevel": -1,
            "weight": 10,
            "value": {
              "min": 0.07,
              "max": 0.08,
              "step": 0.01
            }
          },
          {
            "minLevel": 75,
            "maxLevel": -1,
            "weight": 10,
            "value": {
              "min": 0.09,
              "max": 0.1,
              "step": 0.01
            }
          },
          {
            "minLevel": 101,
            "maxLevel": -1,
            "weight": 100,
            "value": {
              "min": 0.14,
              "max": 0.16,
              "step": 0.01
            }
          },
          {
            "minLevel": 102,
            "maxLevel": -1,
            "weight": 100,
            "value": {
              "min": 0.17,
              "max": 0.2,
              "step": 0.01
            }
          }
        ]
      }
    ],
    "CRAFTED_PREFIX": [
      { "attribute": "the_vault:health",
        "group": "ModHealth",
        "identifier": "the_vault:crafted_health",
        "tags": [
          "focusHealth"
        ],
        "tiers": [
          {
            "minLevel": 0,
            "maxLevel": -1,
            "weight": 10,
            "value": {
              "min": 2,
              "max": 3,
              "step": 1
            }
          },
          {
            "minLevel": 27,
            "maxLevel": -1,
            "weight": 10,
            "value": {
              "min": 4,
              "max": 5,
              "step": 1
            }
          },
          {
            "minLevel": 53,
            "maxLevel": -1,
            "weight": 10,
            "value": {
              "min": 6,
              "max": 7,
              "step": 1
            }
          },
          {
            "minLevel": 80,
            "maxLevel": -1,
            "weight": 10,
            "value": {
              "min": 8,
              "max": 9,
              "step": 1
            }
          },
          {
            "minLevel": 92,
            "maxLevel": -1,
            "weight": 10,
            "value": {
              "min": 10,
              "max": 11,
              "step": 1
            }
          }
        ]
      },
      { "attribute": "the_vault:thorns_damage_flat",
        "group": "ModBlockThorns",
        "identifier": "the_vault:crafted_thorns_damage",
        "tags": [
          "focusThornsDamage"
        ],
        "tiers": [
          {
            "minLevel": 0,
            "maxLevel": 51,
            "weight": 10,
            "value": {
              "min": 2.0,
              "max": 5.0,
              "step": 0.5
            }
          },
          {
            "minLevel": 22,
            "maxLevel": 65,
            "weight": 10,
            "value": {
              "min": 6.0,
              "max": 10.0,
              "step": 0.5
            }
          },
          {
            "minLevel": 41,
            "maxLevel": -1,
            "weight": 10,
            "value": {
              "min": 11.0,
              "max": 16.0,
              "step": 0.5
            }
          },
          {
            "minLevel": 52,
            "maxLevel": -1,
            "weight": 10,
            "value": {
              "min": 17.0,
              "max": 21.0,
              "step": 0.5
            }
          },
          {
            "minLevel": 66,
            "maxLevel": -1,
            "weight": 10,
            "value": {
              "min": 22.0,
              "max": 26.0,
              "step": 0.5
            }
          },
          {
            "minLevel": 78,
            "maxLevel": -1,
            "weight": 10,
            "value": {
              "min": 27.0,
              "max": 32.0,
              "step": 0.5
            }
          },
          {
            "minLevel": 90,
            "maxLevel": -1,
            "weight": 10,
            "value": {
              "min": 33.0,
              "max": 37.0,
              "step": 0.5
            }
          },
          {
            "minLevel": 100,
            "maxLevel": -1,
            "weight": 10,
            "value": {
              "min": 38.0,
              "max": 44.0,
              "step": 0.5
            }
          }
        ]
      },
      { "attribute": "the_vault:resistance",
        "group": "ModRes",
        "identifier": "the_vault:crafted_resistance",
        "tags": [
          "focusResistance"
        ],
        "tiers": [
          {
            "minLevel": 17,
            "maxLevel": -1,
            "weight": 10,
            "value": {
              "min": 0.04,
              "max": 0.06,
              "step": 0.01
            }
          },
          {
            "minLevel": 36,
            "maxLevel": -1,
            "weight": 10,
            "value": {
              "min": 0.07,
              "max": 0.09,
              "step": 0.01
            }
          },
          {
            "minLevel": 57,
            "maxLevel": -1,
            "weight": 10,
            "value": {
              "min": 0.1,
              "max": 0.12,
              "step": 0.01
            }
          },
          {
            "minLevel": 82,
            "maxLevel": -1,
            "weight": 10,
            "value": {
              "min": 0.13,
              "max": 0.16,
              "step": 0.01
            }
          }
        ]
      },
      { "attribute": "the_vault:block",
        "group": "ModBlockThorns",
        "identifier": "the_vault:crafted_block",
        "tags": [
          "focusBlock"
        ],
        "tiers": [
          {
            "minLevel": 0,
            "maxLevel": -1,
            "weight": 10,
            "value": {
              "min": 0.03,
              "max": 0.05,
              "step": 0.01
            }
          },
          {
            "minLevel": 24,
            "maxLevel": -1,
            "weight": 10,
            "value": {
              "min": 0.06,
              "max": 0.08,
              "step": 0.01
            }
          },
          {
            "minLevel": 49,
            "maxLevel": -1,
            "weight": 10,
            "value": {
              "min": 0.09,
              "max": 0.11,
              "step": 0.01
            }
          },
          {
            "minLevel": 66,
            "maxLevel": -1,
            "weight": 10,
            "value": {
              "min": 0.12,
              "max": 0.14,
              "step": 0.01
            }
          },
          {
            "minLevel": 90,
            "maxLevel": -1,
            "weight": 10,
            "value": {
              "min": 0.15,
              "max": 0.17,
              "step": 0.01
            }
          }
        ]
      },
      { "attribute": "the_vault:soul_chance",
        "group": "ModSoulChance",
        "identifier": "the_vault:crafted_soul_chance",
        "tags": [
          "focusSoulChance"
        ],
        "tiers": [
          {
            "minLevel": 22,
            "maxLevel": -1,
            "weight": 100,
            "value": {
              "min": 0.1,
              "max": 0.2,
              "step": 0.01
            }
          },
          {
            "minLevel": 44,
            "maxLevel": -1,
            "weight": 100,
            "value": {
              "min": 0.21,
              "max": 0.3,
              "step": 0.01
            }
          },
          {
            "minLevel": 66,
            "maxLevel": -1,
            "weight": 100,
            "value": {
              "min": 0.31,
              "max": 0.4,
              "step": 0.01
            }
          },
          {
            "minLevel": 87,
            "maxLevel": -1,
            "weight": 100,
            "value": {
              "min": 0.41,
              "max": 0.5,
              "step": 0.01
            }
          }
        ]
      }
    ],
    "CRAFTED_SUFFIX": [
      { "attribute": "the_vault:knockback_resistance",
        "group": "ModKnockbackResistance",
        "identifier": "the_vault:crafted_knockback_resistance",
        "tags": [
          "focusKnockbackRes"
        ],
        "tiers": [
          {
            "minLevel": 0,
            "maxLevel": 56,
            "weight": 600,
            "value": {
              "min": 0.05,
              "max": 0.1,
              "step": 0.01
            }
          },
          {
            "minLevel": 15,
            "maxLevel": 88,
            "weight": 600,
            "value": {
              "min": 0.11,
              "max": 0.14,
              "step": 0.01
            }
          },
          {
            "minLevel": 32,
            "maxLevel": -1,
            "weight": 600,
            "value": {
              "min": 0.15,
              "max": 0.19,
              "step": 0.01
            }
          },
          {
            "minLevel": 57,
            "maxLevel": -1,
            "weight": 600,
            "value": {
              "min": 0.2,
              "max": 0.24,
              "step": 0.01
            }
          },
          {
            "minLevel": 89,
            "maxLevel": -1,
            "weight": 600,
            "value": {
              "min": 0.25,
              "max": 0.3,
              "step": 0.01
            }
          },
          {
            "minLevel": 101,
            "maxLevel": -1,
            "weight": 600,
            "value": {
              "min": 0.31,
              "max": 0.5,
              "step": 0.01
            }
          },
          {
            "minLevel": 102,
            "maxLevel": -1,
            "weight": 600,
            "value": {
              "min": 0.51,
              "max": 0.7,
              "step": 0.01
            }
          }
        ]
      },
      { "attribute": "the_vault:durability",
        "group": "ModDurability",
        "identifier": "the_vault:crafted_durability",
        "tags": [
          "focusDurability"
        ],
        "tiers": [
          {
            "minLevel": 11,
            "maxLevel": -1,
            "weight": 100,
            "value": {
              "min": 400,
              "max": 800,
              "step": 1
            }
          },
          {
            "minLevel": 28,
            "maxLevel": -1,
            "weight": 100,
            "value": {
              "min": 801,
              "max": 1600,
              "step": 1
            }
          },
          {
            "minLevel": 46,
            "maxLevel": -1,
            "weight": 100,
            "value": {
              "min": 1601,
              "max": 2400,
              "step": 1
            }
          },
          {
            "minLevel": 67,
            "maxLevel": -1,
            "weight": 100,
            "value": {
              "min": 2401,
              "max": 3200,
              "step": 1
            }
          },
          {
            "minLevel": 89,
            "maxLevel": -1,
            "weight": 100,
            "value": {
              "min": 3201,
              "max": 4000,
              "step": 1
            }
          }
        ]
      },
      { "attribute": "the_vault:effect_cloud_when_hit",
        "group": "ModOnHit",
        "identifier": "the_vault:crafted_healing_cloud",
        "tags": [
          "focusHealingCloud"
        ],
        "tiers": [
          {
            "minLevel": 0,
            "maxLevel": -1,
            "weight": 4,
            "value": {
              "tooltipDisplayName": "Healing",
              "potion": "minecraft:empty",
              "additionalEffects": [
                {
                  "effect": "minecraft:instant_health",
                  "duration": 20,
                  "amplifier": 0,
                  "showParticles": true,
                  "showIcon": true
                }
              ],
              "duration": 80,
              "radius": 4.0,
              "color": 16150747,
              "affectsOwner": true,
              "triggerChance": 0.02
            }
          },
          {
            "minLevel": 32,
            "maxLevel": -1,
            "weight": 4,
            "value": {
              "tooltipDisplayName": "Healing II",
              "potion": "minecraft:empty",
              "additionalEffects": [
                {
                  "effect": "minecraft:instant_health",
                  "duration": 20,
                  "amplifier": 0,
                  "showParticles": true,
                  "showIcon": true
                }
              ],
              "duration": 120,
              "radius": 4.0,
              "color": 16150747,
              "affectsOwner": true,
              "triggerChance": 0.02
            }
          },
          {
            "minLevel": 64,
            "maxLevel": -1,
            "weight": 4,
            "value": {
              "tooltipDisplayName": "Healing III",
              "potion": "minecraft:empty",
              "additionalEffects": [
                {
                  "effect": "minecraft:instant_health",
                  "duration": 20,
                  "amplifier": 0,
                  "showParticles": true,
                  "showIcon": true
                }
              ],
              "duration": 160,
              "radius": 5.0,
              "color": 16150747,
              "affectsOwner": true,
              "triggerChance": 0.02
            }
          }
        ]
      },
      { "attribute": "the_vault:effect_cloud_when_hit",
        "group": "ModOnHit",
        "identifier": "the_vault:crafted_slowness_cloud",
        "tags": [
          "focusSlownessCloud"
        ],
        "tiers": [
          {
            "minLevel": 0,
            "maxLevel": -1,
            "weight": 10,
            "value": {
              "tooltipDisplayName": "Slowness",
              "potion": "minecraft:empty",
              "additionalEffects": [
                {
                  "effect": "minecraft:slowness",
                  "duration": 140,
                  "amplifier": 0,
                  "showParticles": true,
                  "showIcon": true
                }
              ],
              "duration": 120,
              "radius": 4.0,
              "color": 7400423,
              "affectsOwner": false,
              "triggerChance": 0.05
            }
          },
          {
            "minLevel": 32,
            "maxLevel": -1,
            "weight": 10,
            "value": {
              "tooltipDisplayName": "Slowness II",
              "potion": "minecraft:empty",
              "additionalEffects": [
                {
                  "effect": "minecraft:slowness",
                  "duration": 140,
                  "amplifier": 0,
                  "showParticles": true,
                  "showIcon": true
                }
              ],
              "duration": 160,
              "radius": 4.0,
              "color": 7400423,
              "affectsOwner": false,
              "triggerChance": 0.05
            }
          },
          {
            "minLevel": 64,
            "maxLevel": -1,
            "weight": 10,
            "value": {
              "tooltipDisplayName": "Slowness III",
              "potion": "minecraft:empty",
              "additionalEffects": [
                {
                  "effect": "minecraft:slowness",
                  "duration": 140,
                  "amplifier": 0,
                  "showParticles": true,
                  "showIcon": true
                }
              ],
              "duration": 200,
              "radius": 4.0,
              "color": 7400423,
              "affectsOwner": false,
              "triggerChance": 0.05
            }
          }
        ]
      },
      { "attribute": "the_vault:effect_cloud_when_hit",
        "group": "ModOnHit",
        "identifier": "the_vault:crafted_chilling_cloud",
        "tags": [
        ],
        "tiers": [
          {
            "minLevel": 0,
            "maxLevel": -1,
            "weight": 10,
            "value": {
              "tooltipDisplayName": "Chilling",
              "potion": "minecraft:empty",
              "additionalEffects": [
                {
                  "effect": "the_vault:chilled",
                  "duration": 140,
                  "amplifier": 0,
                  "showParticles": true,
                  "showIcon": true
                }
              ],
              "duration": 120,
              "radius": 4.0,
              "color": 3138042,
              "affectsOwner": false,
              "triggerChance": 0.05
            }
          },
          {
            "minLevel": 32,
            "maxLevel": -1,
            "weight": 10,
            "value": {
              "tooltipDisplayName": "Chilling II",
              "potion": "minecraft:empty",
              "additionalEffects": [
                {
                  "effect": "the_vault:chilled",
                  "duration": 140,
                  "amplifier": 0,
                  "showParticles": true,
                  "showIcon": true
                }
              ],
              "duration": 160,
              "radius": 4.0,
              "color": 3138042,
              "affectsOwner": false,
              "triggerChance": 0.05
            }
          },
          {
            "minLevel": 64,
            "maxLevel": -1,
            "weight": 10,
            "value": {
              "tooltipDisplayName": "Chilling III",
              "potion": "minecraft:empty",
              "additionalEffects": [
                {
                  "effect": "the_vault:chilled",
                  "duration": 140,
                  "amplifier": 0,
                  "showParticles": true,
                  "showIcon": true
                }
              ],
              "duration": 200,
              "radius": 4.0,
              "color": 3138042,
              "affectsOwner": false,
              "triggerChance": 0.05
            }
          }
        ]
      },

      { "attribute": "the_vault:lucky_hit_chance",
        "group": "ModOnHit",
        "identifier": "the_vault:crafted_lucky_hit_chance",
        "tags": [
          "focusLuckyHitChance"
        ],
        "tiers": [
          {
            "minLevel": 25,
            "maxLevel": -1,
            "weight": 100,
            "value": {
              "min": 0.04,
              "max": 0.06,
              "step": 0.01
            }
          },
          {
            "minLevel": 50,
            "maxLevel": -1,
            "weight": 100,
            "value": {
              "min": 0.07,
              "max": 0.08,
              "step": 0.01
            }
          },
          {
            "minLevel": 75,
            "maxLevel": -1,
            "weight": 100,
            "value": {
              "min": 0.09,
              "max": 0.1,
              "step": 0.01
            }
          }
        ]
      }
    ]
  }
}