{
  "LEVELS": {
    "0": {
      "pool": [
        {
          "value": {

            "value": "the_vault:ore_larimar",
            "amount": {
              "min": 2,
              "max": 8
            },
            "floorToNearestTen": false,
            "validDimensions": [],
            "vaultOnly": true,
            "rewardPool": "common"
          },
          "weight": 20
        },
        {
          "value": {

            "value": "the_vault:ore_benitoite",
            "amount": {
              "min": 2,
              "max": 8
            },
            "floorToNearestTen": false,
            "validDimensions": [],
            "vaultOnly": true,
            "rewardPool": "common"
          },
          "weight": 12
        },
        {
          "value": {

            "value": "the_vault:ore_painite",
            "amount": {
              "min": 2,
              "max": 8
            },
            "floorToNearestTen": false,
            "validDimensions": [],
            "vaultOnly": true,
            "rewardPool": "common"
          },
          "weight": 10
        },
        {
          "value": {

            "value": "the_vault:ore_wutodie",
            "amount": {
              "min": 2,
              "max": 8
            },
            "floorToNearestTen": false,
            "validDimensions": [],
            "vaultOnly": true,
            "rewardPool": "common"
          },
          "weight": 10
        },
        {
          "value": {

            "value": "the_vault:ore_alexandrite",
            "amount": {
              "min": 2,
              "max": 8
            },
            "floorToNearestTen": false,
            "validDimensions": [],
            "vaultOnly": true,
            "rewardPool": "common"
          },
          "weight": 10
        },
        {
          "value": {
            "value": "the_vault:ore_black_opal",
            "amount": {
              "min": 2,
              "max": 6
            },
            "floorToNearestTen": false,
            "validDimensions": [],
            "vaultOnly": true,
            "rewardPool": "rare"
          },
          "weight": 6
        },
        {
          "value": {
            "value": "the_vault:ore_iskallium",
            "amount": {
              "min": 1,
              "max": 3
            },
            "floorToNearestTen": false,
            "validDimensions": [],
            "vaultOnly": true,
            "rewardPool": "rare"
          },
          "weight": 2
        },
        {
          "value": {
            "value": "the_vault:ore_gorginite",
            "amount": {
              "min": 1,
              "max": 3
            },
            "floorToNearestTen": false,
            "validDimensions": [],
            "vaultOnly": true,
            "rewardPool": "rare"
          },
          "weight": 2
        },
        {
          "value": {
            "value": "the_vault:ore_sparkletine",
            "amount": {
              "min": 1,
              "max": 3
            },
            "floorToNearestTen": false,
            "validDimensions": [],
            "vaultOnly": true,
            "rewardPool": "rare"
          },
          "weight": 2
        },
        {
          "value": {
            "value": "the_vault:ore_ashium",
            "amount": {
              "min": 1,
              "max": 3
            },
            "floorToNearestTen": false,
            "validDimensions": [],
            "vaultOnly": true,
            "rewardPool": "rare"
          },
          "weight": 2
        },
        {
          "value": {
            "value": "the_vault:ore_bomignite",
            "amount": {
              "min": 1,
              "max": 3
            },
            "floorToNearestTen": false,
            "validDimensions": [],
            "vaultOnly": true,
            "rewardPool": "rare"
          },
          "weight": 2
        },
        {
          "value": {
            "value": "the_vault:ore_tubium",
            "amount": {
              "min": 1,
              "max": 3
            },
            "floorToNearestTen": false,
            "validDimensions": [],
            "vaultOnly": true,
            "rewardPool": "rare"
          },
          "weight": 2
        },
        {
          "value": {
            "value": "the_vault:ore_upaline",
            "amount": {
              "min": 1,
              "max": 3
            },
            "floorToNearestTen": false,
            "validDimensions": [],
            "vaultOnly": true,
            "rewardPool": "rare"
          },
          "weight": 2
        },
        {
          "value": {
            "value": "the_vault:ore_petzanite",
            "amount": {
              "min": 1,
              "max": 3
            },
            "floorToNearestTen": false,
            "validDimensions": [],
            "vaultOnly": true,
            "rewardPool": "rare"
          },
          "weight": 2
        },
        {
          "value": {
            "value": "the_vault:ore_xenium",
            "amount": {
              "min": 1,
              "max": 3
            },
            "floorToNearestTen": false,
            "validDimensions": [],
            "vaultOnly": true,
            "rewardPool": "rare"
          },
          "weight": 2
        },
        {
          "value": {
            "value": "the_vault:ore_echo",
            "amount": {
              "min": 1,
              "max": 1
            },
            "floorToNearestTen": false,
            "validDimensions": [],
            "vaultOnly": true,
            "rewardPool": "rare"
          },
          "weight": 1
        }
      ]
    },
    "10": {
      "pool": [
        {
          "value": {

            "value": "the_vault:ore_larimar",
            "amount": {
              "min": 8,
              "max": 24
            },
            "floorToNearestTen": false,
            "validDimensions": [],
            "vaultOnly": true,
            "rewardPool": "common"
          },
          "weight": 20
        },
        {
          "value": {

            "value": "the_vault:ore_benitoite",
            "amount": {
              "min": 8,
              "max": 16
            },
            "floorToNearestTen": false,
            "validDimensions": [],
            "vaultOnly": true,
            "rewardPool": "common"
          },
          "weight": 12
        },
        {
          "value": {

            "value": "the_vault:ore_painite",
            "amount": {
              "min": 8,
              "max": 12
            },
            "floorToNearestTen": false,
            "validDimensions": [],
            "vaultOnly": true,
            "rewardPool": "common"
          },
          "weight": 10
        },
        {
          "value": {

            "value": "the_vault:ore_wutodie",
            "amount": {
              "min": 8,
              "max": 10
            },
            "floorToNearestTen": false,
            "validDimensions": [],
            "vaultOnly": true,
            "rewardPool": "common"
          },
          "weight": 10
        },
        {
          "value": {

            "value": "the_vault:ore_alexandrite",
            "amount": {
              "min": 8,
              "max": 10
            },
            "floorToNearestTen": false,
            "validDimensions": [],
            "vaultOnly": true,
            "rewardPool": "common"
          },
          "weight": 10
        },
        {
          "value": {
            "value": "the_vault:ore_black_opal",
            "amount": {
              "min": 4,
              "max": 8
            },
            "floorToNearestTen": false,
            "validDimensions": [],
            "vaultOnly": true,
            "rewardPool": "rare"
          },
          "weight": 6
        },
        {
          "value": {
            "value": "the_vault:ore_iskallium",
            "amount": {
              "min": 1,
              "max": 3
            },
            "floorToNearestTen": false,
            "validDimensions": [],
            "vaultOnly": true,
            "rewardPool": "rare"
          },
          "weight": 2
        },
        {
          "value": {
            "value": "the_vault:ore_gorginite",
            "amount": {
              "min": 1,
              "max": 3
            },
            "floorToNearestTen": false,
            "validDimensions": [],
            "vaultOnly": true,
            "rewardPool": "rare"
          },
          "weight": 2
        },
        {
          "value": {
            "value": "the_vault:ore_sparkletine",
            "amount": {
              "min": 1,
              "max": 3
            },
            "floorToNearestTen": false,
            "validDimensions": [],
            "vaultOnly": true,
            "rewardPool": "rare"
          },
          "weight": 2
        },
        {
          "value": {
            "value": "the_vault:ore_ashium",
            "amount": {
              "min": 1,
              "max": 3
            },
            "floorToNearestTen": false,
            "validDimensions": [],
            "vaultOnly": true,
            "rewardPool": "rare"
          },
          "weight": 2
        },
        {
          "value": {
            "value": "the_vault:ore_bomignite",
            "amount": {
              "min": 1,
              "max": 3
            },
            "floorToNearestTen": false,
            "validDimensions": [],
            "vaultOnly": true,
            "rewardPool": "rare"
          },
          "weight": 2
        },
        {
          "value": {
            "value": "the_vault:ore_tubium",
            "amount": {
              "min": 1,
              "max": 3
            },
            "floorToNearestTen": false,
            "validDimensions": [],
            "vaultOnly": true,
            "rewardPool": "rare"
          },
          "weight": 2
        },
        {
          "value": {
            "value": "the_vault:ore_upaline",
            "amount": {
              "min": 1,
              "max": 3
            },
            "floorToNearestTen": false,
            "validDimensions": [],
            "vaultOnly": true,
            "rewardPool": "rare"
          },
          "weight": 2
        },
        {
          "value": {
            "value": "the_vault:ore_petzanite",
            "amount": {
              "min": 1,
              "max": 3
            },
            "floorToNearestTen": false,
            "validDimensions": [],
            "vaultOnly": true,
            "rewardPool": "rare"
          },
          "weight": 2
        },
        {
          "value": {
            "value": "the_vault:ore_xenium",
            "amount": {
              "min": 1,
              "max": 3
            },
            "floorToNearestTen": false,
            "validDimensions": [],
            "vaultOnly": true,
            "rewardPool": "rare"
          },
          "weight": 2
        },
        {
          "value": {
            "value": "the_vault:ore_echo",
            "amount": {
              "min": 1,
              "max": 1
            },
            "floorToNearestTen": false,
            "validDimensions": [],
            "vaultOnly": true,
            "rewardPool": "rare"
          },
          "weight": 1
        }
      ]
    },
    "30": {
      "pool": [
        {
          "value": {

            "value": "the_vault:ore_larimar",
            "amount": {
              "min": 16,
              "max": 40
            },
            "floorToNearestTen": false,
            "validDimensions": [],
            "vaultOnly": true,
            "rewardPool": "common"
          },
          "weight": 20
        },
        {
          "value": {

            "value": "the_vault:ore_benitoite",
            "amount": {
              "min": 16,
              "max": 32
            },
            "floorToNearestTen": false,
            "validDimensions": [],
            "vaultOnly": true,
            "rewardPool": "common"
          },
          "weight": 12
        },
        {
          "value": {

            "value": "the_vault:ore_painite",
            "amount": {
              "min": 16,
              "max": 32
            },
            "floorToNearestTen": false,
            "validDimensions": [],
            "vaultOnly": true,
            "rewardPool": "common"
          },
          "weight": 10
        },
        {
          "value": {

            "value": "the_vault:ore_wutodie",
            "amount": {
              "min": 16,
              "max": 28
            },
            "floorToNearestTen": false,
            "validDimensions": [],
            "vaultOnly": true,
            "rewardPool": "common"
          },
          "weight": 10
        },
        {
          "value": {

            "value": "the_vault:ore_alexandrite",
            "amount": {
              "min": 12,
              "max": 24
            },
            "floorToNearestTen": false,
            "validDimensions": [],
            "vaultOnly": true,
            "rewardPool": "common"
          },
          "weight": 10
        },
        {
          "value": {
            "value": "the_vault:ore_black_opal",
            "amount": {
              "min": 8,
              "max": 16
            },
            "floorToNearestTen": false,
            "validDimensions": [],
            "vaultOnly": true,
            "rewardPool": "rare"
          },
          "weight": 6
        },
        {
          "value": {
            "value": "the_vault:ore_iskallium",
            "amount": {
              "min": 2,
              "max": 5
            },
            "floorToNearestTen": false,
            "validDimensions": [],
            "vaultOnly": true,
            "rewardPool": "rare"
          },
          "weight": 2
        },
        {
          "value": {
            "value": "the_vault:ore_gorginite",
            "amount": {
              "min": 2,
              "max": 5
            },
            "floorToNearestTen": false,
            "validDimensions": [],
            "vaultOnly": true,
            "rewardPool": "rare"
          },
          "weight": 2
        },
        {
          "value": {
            "value": "the_vault:ore_sparkletine",
            "amount": {
              "min": 2,
              "max": 5
            },
            "floorToNearestTen": false,
            "validDimensions": [],
            "vaultOnly": true,
            "rewardPool": "rare"
          },
          "weight": 2
        },
        {
          "value": {

            "value": "the_vault:ore_ashium",
            "amount": {
              "min": 2,
              "max": 5
            },
            "floorToNearestTen": false,
            "validDimensions": [],
            "vaultOnly": true,
            "rewardPool": "rare"
          },
          "weight": 2
        },
        {
          "value": {
            "value": "the_vault:ore_bomignite",
            "amount": {
              "min": 2,
              "max": 5
            },
            "floorToNearestTen": false,
            "validDimensions": [],
            "vaultOnly": true,
            "rewardPool": "rare"
          },
          "weight": 2
        },
        {
          "value": {

            "value": "the_vault:ore_tubium",
            "amount": {
              "min": 2,
              "max": 5
            },
            "floorToNearestTen": false,
            "validDimensions": [],
            "vaultOnly": true,
            "rewardPool": "rare"
          },
          "weight": 2
        },
        {
          "value": {

            "value": "the_vault:ore_upaline",
            "amount": {
              "min": 2,
              "max": 5
            },
            "floorToNearestTen": false,
            "validDimensions": [],
            "vaultOnly": true,
            "rewardPool": "rare"
          },
          "weight": 2
        },
        {
          "value": {

            "value": "the_vault:ore_petzanite",
            "amount": {
              "min": 2,
              "max": 5
            },
            "floorToNearestTen": false,
            "validDimensions": [],
            "vaultOnly": true,
            "rewardPool": "rare"
          },
          "weight": 2
        },
        {
          "value": {

            "value": "the_vault:ore_xenium",
            "amount": {
              "min": 2,
              "max": 5
            },
            "floorToNearestTen": false,
            "validDimensions": [],
            "vaultOnly": true,
            "rewardPool": "rare"
          },
          "weight": 2
        },
        {
          "value": {

            "value": "the_vault:ore_echo",
            "amount": {
              "min": 1,
              "max": 2
            },
            "floorToNearestTen": false,
            "validDimensions": [],
            "vaultOnly": true,
            "rewardPool": "rare"
          },
          "weight": 1
        }
      ]
    },
    "50": {
      "pool": [
        {
          "value": {

            "value": "the_vault:ore_larimar",
            "amount": {
              "min": 24,
              "max": 64
            },
            "floorToNearestTen": false,
            "validDimensions": [],
            "vaultOnly": true,
            "rewardPool": "common"
          },
          "weight": 30
        },
        {
          "value": {

            "value": "the_vault:ore_benitoite",
            "amount": {
              "min": 20,
              "max": 48
            },
            "floorToNearestTen": false,
            "validDimensions": [],
            "vaultOnly": true,
            "rewardPool": "common"
          },
          "weight": 24
        },
        {
          "value": {

            "value": "the_vault:ore_painite",
            "amount": {
              "min": 24,
              "max": 48
            },
            "floorToNearestTen": false,
            "validDimensions": [],
            "vaultOnly": true,
            "rewardPool": "common"
          },
          "weight": 20
        },
        {
          "value": {

            "value": "the_vault:ore_wutodie",
            "amount": {
              "min": 22,
              "max": 28
            },
            "floorToNearestTen": false,
            "validDimensions": [],
            "vaultOnly": true,
            "rewardPool": "common"
          },
          "weight": 20
        },
        {
          "value": {

            "value": "the_vault:ore_alexandrite",
            "amount": {
              "min": 16,
              "max": 24
            },
            "floorToNearestTen": false,
            "validDimensions": [],
            "vaultOnly": true,
            "rewardPool": "common"
          },
          "weight": 20
        },
        {
          "value": {

            "value": "the_vault:ore_black_opal",
            "amount": {
              "min": 10,
              "max": 16
            },
            "floorToNearestTen": false,
            "validDimensions": [],
            "vaultOnly": true,
            "rewardPool": "rare"
          },
          "weight": 12
        },
        {
          "value": {

            "value": "the_vault:ore_iskallium",
            "amount": {
              "min": 4,
              "max": 6
            },
            "floorToNearestTen": false,
            "validDimensions": [],
            "vaultOnly": true,
            "rewardPool": "rare"
          },
          "weight": 4
        },
        {
          "value": {

            "value": "the_vault:ore_gorginite",
            "amount": {
              "min": 4,
              "max": 6
            },
            "floorToNearestTen": false,
            "validDimensions": [],
            "vaultOnly": true,
            "rewardPool": "rare"
          },
          "weight": 4
        },
        {
          "value": {

            "value": "the_vault:ore_sparkletine",
            "amount": {
              "min": 4,
              "max": 6
            },
            "floorToNearestTen": false,
            "validDimensions": [],
            "vaultOnly": true,
            "rewardPool": "rare"
          },
          "weight": 4
        },
        {
          "value": {

            "value": "the_vault:ore_ashium",
            "amount": {
              "min": 4,
              "max": 6
            },
            "floorToNearestTen": false,
            "validDimensions": [],
            "vaultOnly": true,
            "rewardPool": "rare"
          },
          "weight": 4
        },
        {
          "value": {

            "value": "the_vault:ore_bomignite",
            "amount": {
              "min": 4,
              "max": 6
            },
            "floorToNearestTen": false,
            "validDimensions": [],
            "vaultOnly": true,
            "rewardPool": "rare"
          },
          "weight": 4
        },
        {
          "value": {

            "value": "the_vault:ore_tubium",
            "amount": {
              "min": 4,
              "max": 6
            },
            "floorToNearestTen": false,
            "validDimensions": [],
            "vaultOnly": true,
            "rewardPool": "rare"
          },
          "weight": 4
        },
        {
          "value": {

            "value": "the_vault:ore_upaline",
            "amount": {
              "min": 4,
              "max": 6
            },
            "floorToNearestTen": false,
            "validDimensions": [],
            "vaultOnly": true,
            "rewardPool": "rare"
          },
          "weight": 4
        },
        {
          "value": {

            "value": "the_vault:ore_petzanite",
            "amount": {
              "min": 4,
              "max": 6
            },
            "floorToNearestTen": false,
            "validDimensions": [],
            "vaultOnly": true,
            "rewardPool": "rare"
          },
          "weight": 4
        },
        {
          "value": {

            "value": "the_vault:ore_xenium",
            "amount": {
              "min": 4,
              "max": 6
            },
            "floorToNearestTen": false,
            "validDimensions": [],
            "vaultOnly": true,
            "rewardPool": "rare"
          },
          "weight": 4
        },
        {
          "value": {

            "value": "the_vault:ore_echo",
            "amount": {
              "min": 2,
              "max": 4
            },
            "floorToNearestTen": false,
            "validDimensions": [],
            "vaultOnly": true,
            "rewardPool": "rare"
          },
          "weight": 2
        }
      ]
    }
  }
}