{
  "craftableEffects": [
    { "effectId": "mana_flat",
      "type": "mana_flat",
      "effectName": "Flat Mana Restoration",
      "tooltip": "Restores %s Mana",
      "color": "#00FFFF",
      "craftingCosts": {
        "VIAL": [
          {
            "AMOUNT": 8,
            "ITEM": "the_vault:vault_gold",
            "NBT": "{}"
          },
          {
            "AMOUNT": 8,
            "ITEM": "the_vault:vault_diamond",
            "NBT": "{}"
          }
        ],
        "POTION": [
          {
            "AMOUNT": 16,
            "ITEM": "the_vault:vault_gold",
            "NBT": "{}"
          },
          {
            "AMOUNT": 16,
            "ITEM": "the_vault:vault_diamond",
            "NBT": "{}"
          }
        ],
        "MIXTURE": [
          {
            "AMOUNT": 32,
            "ITEM": "the_vault:vault_gold",
            "NBT": "{}"
          },
          {
            "AMOUNT": 32,
            "ITEM": "the_vault:vault_diamond",
            "NBT": "{}"
          }
        ],
        "BREW": [
          {
            "AMOUNT": 64,
            "ITEM": "the_vault:vault_gold",
            "NBT": "{}"
          },
          {
            "AMOUNT": 64,
            "ITEM": "the_vault:vault_diamond",
            "NBT": "{}"
          }
        ]
        
      },
      "unlockCategory": "GRANTED",
      "typeSettings": {
        "BREW": "{amount:160.0f}",
        "MIXTURE": "{amount:120.0f}",
        "POTION": "{amount:80.0f}",
        "VIAL": "{amount:40.0f}"
      }
    },
    { "effectId": "mana_percent",
      "type": "mana_percent",
      "effectName": "Percent Mana Restoration",
      "tooltip": "Restores %s%% Mana",
      "color": "#00b4ff",
      "craftingCosts": {
        "VIAL": [
          {
            "AMOUNT": 8,
            "ITEM": "the_vault:vault_gold",
            "NBT": "{}"
          },
          {
            "AMOUNT": 8,
            "ITEM": "the_vault:vault_diamond",
            "NBT": "{}"
          }
        ],
        "POTION": [
          {
            "AMOUNT": 16,
            "ITEM": "the_vault:vault_gold",
            "NBT": "{}"
          },
          {
            "AMOUNT": 16,
            "ITEM": "the_vault:vault_diamond",
            "NBT": "{}"
          }
        ],
        "MIXTURE": [
          {
            "AMOUNT": 32,
            "ITEM": "the_vault:vault_gold",
            "NBT": "{}"
          },
          {
            "AMOUNT": 32,
            "ITEM": "the_vault:vault_diamond",
            "NBT": "{}"
          }
        ],
        "BREW": [
          {
            "AMOUNT": 64,
            "ITEM": "the_vault:vault_gold",
            "NBT": "{}"
          },
          {
            "AMOUNT": 64,
            "ITEM": "the_vault:vault_diamond",
            "NBT": "{}"
          }
        ]
        
      },
      "unlockCategory": "VAULT_DISCOVERY",
      "typeSettings": {
        "BREW": "{amount:0.8f}",
        "MIXTURE": "{amount:0.6f}",
        "POTION": "{amount:0.4f}",
        "VIAL": "{amount:0.2f}"
      }
    },
    { "effectId": "speed_potion",
      "type": "potion",
      "effectName": "Movement Speed Increase",
      "tooltip": "+1 Speed for %1$ss",
      "color": "#fcdd67",
      "craftingCosts": {
        "VIAL": [
          {
            "AMOUNT": 8,
            "ITEM": "the_vault:vault_gold",
            "NBT": "{}"
          },
          {
            "AMOUNT": 8,
            "ITEM": "the_vault:vault_diamond",
            "NBT": "{}"
          }
        ],
        "POTION": [
          {
            "AMOUNT": 16,
            "ITEM": "the_vault:vault_gold",
            "NBT": "{}"
          },
          {
            "AMOUNT": 16,
            "ITEM": "the_vault:vault_diamond",
            "NBT": "{}"
          }
        ],
        "MIXTURE": [
          {
            "AMOUNT": 32,
            "ITEM": "the_vault:vault_gold",
            "NBT": "{}"
          },
          {
            "AMOUNT": 32,
            "ITEM": "the_vault:vault_diamond",
            "NBT": "{}"
          }
        ],
        "BREW": [
          {
            "AMOUNT": 64,
            "ITEM": "the_vault:vault_gold",
            "NBT": "{}"
          },
          {
            "AMOUNT": 64,
            "ITEM": "the_vault:vault_diamond",
            "NBT": "{}"
          }
        ]
        
      },
      "unlockCategory": "GRANTED",
      "typeSettings": {
        "BREW": "{amplifier:0,duration:500,potion:\"minecraft:speed\"}",
        "POTION": "{amplifier:0,duration:300,potion:\"minecraft:speed\"}",
        "MIXTURE": "{amplifier:0,duration:400,potion:\"minecraft:speed\"}",
        "VIAL": "{amplifier:0,duration:200,potion:\"minecraft:speed\"}"
      }
    },
    { "effectId": "speed_potion_2",
      "type": "potion",
      "effectName": "Movement Speed Increase 2",
      "tooltip": "+2 Speed for %1$ss",
      "color": "#ffd63b",
      "craftingCosts": {
        "VIAL": [
          {
            "AMOUNT": 8,
            "ITEM": "the_vault:vault_gold",
            "NBT": "{}"
          },
          {
            "AMOUNT": 8,
            "ITEM": "the_vault:vault_diamond",
            "NBT": "{}"
          }
        ],
        "POTION": [
          {
            "AMOUNT": 16,
            "ITEM": "the_vault:vault_gold",
            "NBT": "{}"
          },
          {
            "AMOUNT": 16,
            "ITEM": "the_vault:vault_diamond",
            "NBT": "{}"
          }
        ],
        "MIXTURE": [
          {
            "AMOUNT": 32,
            "ITEM": "the_vault:vault_gold",
            "NBT": "{}"
          },
          {
            "AMOUNT": 32,
            "ITEM": "the_vault:vault_diamond",
            "NBT": "{}"
          }
        ],
        "BREW": [
          {
            "AMOUNT": 64,
            "ITEM": "the_vault:vault_gold",
            "NBT": "{}"
          },
          {
            "AMOUNT": 64,
            "ITEM": "the_vault:vault_diamond",
            "NBT": "{}"
          }
        ]
        
      },
      "unlockCategory": "VAULT_DISCOVERY",
      "typeSettings": {
        "BREW": "{amplifier:0,duration:500,potion:\"minecraft:speed\"}",
        "POTION": "{amplifier:0,duration:300,potion:\"minecraft:speed\"}",
        "MIXTURE": "{amplifier:0,duration:400,potion:\"minecraft:speed\"}",
        "VIAL": "{amplifier:0,duration:200,potion:\"minecraft:speed\"}"
      }
    },
    { "effectId": "regeneration_potion",
      "type": "potion",
      "effectName": "Regeneration",
      "tooltip": "+1 Regeneration for %1$ss",
      "color": "#CD5CAB",
      "craftingCosts": {
        "VIAL": [
          {
            "AMOUNT": 8,
            "ITEM": "the_vault:vault_gold",
            "NBT": "{}"
          },
          {
            "AMOUNT": 8,
            "ITEM": "the_vault:vault_diamond",
            "NBT": "{}"
          }
        ],
        "POTION": [
          {
            "AMOUNT": 16,
            "ITEM": "the_vault:vault_gold",
            "NBT": "{}"
          },
          {
            "AMOUNT": 16,
            "ITEM": "the_vault:vault_diamond",
            "NBT": "{}"
          }
        ],
        "MIXTURE": [
          {
            "AMOUNT": 32,
            "ITEM": "the_vault:vault_gold",
            "NBT": "{}"
          },
          {
            "AMOUNT": 32,
            "ITEM": "the_vault:vault_diamond",
            "NBT": "{}"
          }
        ],
        "BREW": [
          {
            "AMOUNT": 64,
            "ITEM": "the_vault:vault_gold",
            "NBT": "{}"
          },
          {
            "AMOUNT": 64,
            "ITEM": "the_vault:vault_diamond",
            "NBT": "{}"
          }
        ]
        
      },
      "unlockCategory": "GRANTED",
      "typeSettings": {
        "BREW": "{amplifier:0,duration:1200,potion:\"minecraft:regeneration\"}",
        "POTION": "{amplifier:0,duration:600,potion:\"minecraft:regeneration\"}",
        "MIXTURE": "{amplifier:0,duration:800,potion:\"minecraft:regeneration\"}",
        "VIAL": "{amplifier:0,duration:400,potion:\"minecraft:regeneration\"}"
      }
    },
    { "effectId": "absorption",
      "type": "absorption",
      "effectName": "Absorption",
      "tooltip": "+%s Absorption Hearts",
      "color": "#FFBF00",
      "craftingCosts": {
        "VIAL": [
          {
            "AMOUNT": 8,
            "ITEM": "the_vault:vault_gold",
            "NBT": "{}"
          },
          {
            "AMOUNT": 8,
            "ITEM": "the_vault:vault_diamond",
            "NBT": "{}"
          }
        ],
        "POTION": [
          {
            "AMOUNT": 16,
            "ITEM": "the_vault:vault_gold",
            "NBT": "{}"
          },
          {
            "AMOUNT": 16,
            "ITEM": "the_vault:vault_diamond",
            "NBT": "{}"
          }
        ],
        "MIXTURE": [
          {
            "AMOUNT": 32,
            "ITEM": "the_vault:vault_gold",
            "NBT": "{}"
          },
          {
            "AMOUNT": 32,
            "ITEM": "the_vault:vault_diamond",
            "NBT": "{}"
          }
        ],
        "BREW": [
          {
            "AMOUNT": 64,
            "ITEM": "the_vault:vault_gold",
            "NBT": "{}"
          },
          {
            "AMOUNT": 64,
            "ITEM": "the_vault:vault_diamond",
            "NBT": "{}"
          }
        ]
        
      },
      "unlockCategory": "GRANTED",
      "typeSettings": {
        "BREW": "{amount:10.0f}",
        "MIXTURE": "{amount:8.0f}",
        "POTION": "{amount:6.0f}",
        "VIAL": "{amount:4.0f}"
      }
    },
    { "effectId": "cooldown_reduction",
      "type": "cooldown_reduction",
      "effectName": "Instant Cooldown Reduction",
      "tooltip": "Reduces active cooldowns by %s%%",
      "color": "#00f5b2",
      "craftingCosts": {
        "VIAL": [
          {
            "AMOUNT": 8,
            "ITEM": "the_vault:vault_gold",
            "NBT": "{}"
          },
          {
            "AMOUNT": 8,
            "ITEM": "the_vault:vault_diamond",
            "NBT": "{}"
          }
        ],
        "POTION": [
          {
            "AMOUNT": 16,
            "ITEM": "the_vault:vault_gold",
            "NBT": "{}"
          },
          {
            "AMOUNT": 16,
            "ITEM": "the_vault:vault_diamond",
            "NBT": "{}"
          }
        ],
        "MIXTURE": [
          {
            "AMOUNT": 32,
            "ITEM": "the_vault:vault_gold",
            "NBT": "{}"
          },
          {
            "AMOUNT": 32,
            "ITEM": "the_vault:vault_diamond",
            "NBT": "{}"
          }
        ],
        "BREW": [
          {
            "AMOUNT": 64,
            "ITEM": "the_vault:vault_gold",
            "NBT": "{}"
          },
          {
            "AMOUNT": 64,
            "ITEM": "the_vault:vault_diamond",
            "NBT": "{}"
          }
        ]
        
      },
      "unlockCategory": "VAULT_DISCOVERY",
      "typeSettings": {
        "BREW": "{amount:0.8f}",
        "MIXTURE": "{amount:0.6f}",
        "POTION": "{amount:0.4f}",
        "VIAL": "{amount:0.2f}"
      }
    },
    { "effectId": "immortality_potion",
      "type": "potion",
      "effectName": "Immortality",
      "tooltip": "Gain Immortality for %1$ss",
      "color": "#001F3F",
      "craftingCosts": {
        "VIAL": [
          {
            "AMOUNT": 8,
            "ITEM": "the_vault:vault_gold",
            "NBT": "{}"
          },
          {
            "AMOUNT": 8,
            "ITEM": "the_vault:vault_diamond",
            "NBT": "{}"
          }
        ],
        "POTION": [
          {
            "AMOUNT": 16,
            "ITEM": "the_vault:vault_gold",
            "NBT": "{}"
          },
          {
            "AMOUNT": 16,
            "ITEM": "the_vault:vault_diamond",
            "NBT": "{}"
          }
        ],
        "MIXTURE": [
          {
            "AMOUNT": 32,
            "ITEM": "the_vault:vault_gold",
            "NBT": "{}"
          },
          {
            "AMOUNT": 32,
            "ITEM": "the_vault:vault_diamond",
            "NBT": "{}"
          }
        ],
        "BREW": [
          {
            "AMOUNT": 64,
            "ITEM": "the_vault:vault_gold",
            "NBT": "{}"
          },
          {
            "AMOUNT": 64,
            "ITEM": "the_vault:vault_diamond",
            "NBT": "{}"
          }
        ]
        
      },
      "unlockCategory": "VAULT_DISCOVERY",
      "typeSettings": {
        "BREW": "{amplifier:0,duration:200,potion:\"the_vault:immortality\"}",
        "POTION": "{amplifier:0,duration:120,potion:\"the_vault:immortality\"}",
        "MIXTURE": "{amplifier:0,duration:160,potion:\"the_vault:immortality\"}",
        "VIAL": "{amplifier:0,duration:80,potion:\"the_vault:immortality\"}"
      }
    },
    { "effectId": "cast_cleanse",
      "type": "cast_ability",
      "effectName": "Cleanse",
      "tooltip": "Casts lvl %2$s %1$s",
      "color": "#FFEDBD",
      "craftingCosts": {
        "VIAL": [
          {
            "AMOUNT": 8,
            "ITEM": "the_vault:vault_gold",
            "NBT": "{}"
          },
          {
            "AMOUNT": 8,
            "ITEM": "the_vault:vault_diamond",
            "NBT": "{}"
          }
        ],
        "POTION": [
          {
            "AMOUNT": 16,
            "ITEM": "the_vault:vault_gold",
            "NBT": "{}"
          },
          {
            "AMOUNT": 16,
            "ITEM": "the_vault:vault_diamond",
            "NBT": "{}"
          }
        ],
        "MIXTURE": [
          {
            "AMOUNT": 32,
            "ITEM": "the_vault:vault_gold",
            "NBT": "{}"
          },
          {
            "AMOUNT": 32,
            "ITEM": "the_vault:vault_diamond",
            "NBT": "{}"
          }
        ],
        "BREW": [
          {
            "AMOUNT": 64,
            "ITEM": "the_vault:vault_gold",
            "NBT": "{}"
          },
          {
            "AMOUNT": 64,
            "ITEM": "the_vault:vault_diamond",
            "NBT": "{}"
          }
        ]
        
      },
      "unlockCategory": "VAULT_DISCOVERY",
      "typeSettings": {
        "BREW": "{abilityId:\"cleanse_4\"}",
        "MIXTURE": "{abilityId:\"cleanse_3\"}",
        "POTION": "{abilityId:\"cleanse_2\"}",
        "VIAL": "{abilityId:\"cleanse_1\"}"
      }
    },
    { "effectId": "cast_frostnova",
      "type": "cast_ability",
      "effectName": "Frost Nova",
      "tooltip": "Casts lvl %2$s %1$s",
      "color": "#00f0e2",
      "craftingCosts": {
        "VIAL": [
          {
            "AMOUNT": 8,
            "ITEM": "the_vault:vault_gold",
            "NBT": "{}"
          },
          {
            "AMOUNT": 8,
            "ITEM": "the_vault:vault_diamond",
            "NBT": "{}"
          }
        ],
        "POTION": [
          {
            "AMOUNT": 16,
            "ITEM": "the_vault:vault_gold",
            "NBT": "{}"
          },
          {
            "AMOUNT": 16,
            "ITEM": "the_vault:vault_diamond",
            "NBT": "{}"
          }
        ],
        "MIXTURE": [
          {
            "AMOUNT": 32,
            "ITEM": "the_vault:vault_gold",
            "NBT": "{}"
          },
          {
            "AMOUNT": 32,
            "ITEM": "the_vault:vault_diamond",
            "NBT": "{}"
          }
        ],
        "BREW": [
          {
            "AMOUNT": 64,
            "ITEM": "the_vault:vault_gold",
            "NBT": "{}"
          },
          {
            "AMOUNT": 64,
            "ITEM": "the_vault:vault_diamond",
            "NBT": "{}"
          }
        ]
        
      },
      "unlockCategory": "VAULT_DISCOVERY",
      "typeSettings": {
        "BREW": "{abilityId:\"nova_frost_8\"}",
        "MIXTURE": "{abilityId:\"nova_frost_6\"}",
        "POTION": "{abilityId:\"nova_frost_4\"}",
        "VIAL": "{abilityId:\"nova_frost_2\"}"
      }
    },
    { "effectId": "cast_totem_spirit",
      "type": "cast_ability",
      "effectName": "Spirit Totem",
      "tooltip": "Summons a lvl %2$s %1$s",
      "color": "#92afd7",
      "craftingCosts": {
        "VIAL": [
          {
            "AMOUNT": 8,
            "ITEM": "the_vault:vault_gold",
            "NBT": "{}"
          },
          {
            "AMOUNT": 8,
            "ITEM": "the_vault:vault_diamond",
            "NBT": "{}"
          }
        ],
        "POTION": [
          {
            "AMOUNT": 16,
            "ITEM": "the_vault:vault_gold",
            "NBT": "{}"
          },
          {
            "AMOUNT": 16,
            "ITEM": "the_vault:vault_diamond",
            "NBT": "{}"
          }
        ],
        "MIXTURE": [
          {
            "AMOUNT": 32,
            "ITEM": "the_vault:vault_gold",
            "NBT": "{}"
          },
          {
            "AMOUNT": 32,
            "ITEM": "the_vault:vault_diamond",
            "NBT": "{}"
          }
        ],
        "BREW": [
          {
            "AMOUNT": 64,
            "ITEM": "the_vault:vault_gold",
            "NBT": "{}"
          },
          {
            "AMOUNT": 64,
            "ITEM": "the_vault:vault_diamond",
            "NBT": "{}"
          }
        ]
        
      },
      "unlockCategory": "VAULT_DISCOVERY",
      "typeSettings": {
        "BREW": "{abilityId:\"totem_spirit_6\"}",
        "MIXTURE": "{abilityId:\"totem_spirit_5\"}",
        "POTION": "{abilityId:\"totem_spirit_4\"}",
        "VIAL": "{abilityId:\"totem_spirit_3\"}"
      }
    },
    { "effectId": "cast_totem_hatred",
      "type": "cast_ability",
      "effectName": "Hatred Totem",
      "tooltip": "Summons a lvl %2$s %1$s",
      "color": "#5c2483",
      "craftingCosts": {
        "VIAL": [
          {
            "AMOUNT": 8,
            "ITEM": "the_vault:vault_gold",
            "NBT": "{}"
          },
          {
            "AMOUNT": 8,
            "ITEM": "the_vault:vault_diamond",
            "NBT": "{}"
          }
        ],
        "POTION": [
          {
            "AMOUNT": 16,
            "ITEM": "the_vault:vault_gold",
            "NBT": "{}"
          },
          {
            "AMOUNT": 16,
            "ITEM": "the_vault:vault_diamond",
            "NBT": "{}"
          }
        ],
        "MIXTURE": [
          {
            "AMOUNT": 32,
            "ITEM": "the_vault:vault_gold",
            "NBT": "{}"
          },
          {
            "AMOUNT": 32,
            "ITEM": "the_vault:vault_diamond",
            "NBT": "{}"
          }
        ],
        "BREW": [
          {
            "AMOUNT": 64,
            "ITEM": "the_vault:vault_gold",
            "NBT": "{}"
          },
          {
            "AMOUNT": 64,
            "ITEM": "the_vault:vault_diamond",
            "NBT": "{}"
          }
        ]
        
      },
      "unlockCategory": "VAULT_DISCOVERY",
      "typeSettings": {
        "BREW": "{abilityId:\"totem_hatred_5\"}",
        "MIXTURE": "{abilityId:\"totem_hatred_4\"}",
        "POTION": "{abilityId:\"totem_hatred_3\"}",
        "VIAL": "{abilityId:\"totem_hatred_2\"}"
      }
    },
    { "effectId": "cast_totem_wrath",
      "type": "cast_ability",
      "effectName": "Wrath Totem",
      "tooltip": "Summons a lvl %2$s %1$s",
      "color": "#f79f06",
      "craftingCosts": {
        "VIAL": [
          {
            "AMOUNT": 8,
            "ITEM": "the_vault:vault_gold",
            "NBT": "{}"
          },
          {
            "AMOUNT": 8,
            "ITEM": "the_vault:vault_diamond",
            "NBT": "{}"
          }
        ],
        "POTION": [
          {
            "AMOUNT": 16,
            "ITEM": "the_vault:vault_gold",
            "NBT": "{}"
          },
          {
            "AMOUNT": 16,
            "ITEM": "the_vault:vault_diamond",
            "NBT": "{}"
          }
        ],
        "MIXTURE": [
          {
            "AMOUNT": 32,
            "ITEM": "the_vault:vault_gold",
            "NBT": "{}"
          },
          {
            "AMOUNT": 32,
            "ITEM": "the_vault:vault_diamond",
            "NBT": "{}"
          }
        ],
        "BREW": [
          {
            "AMOUNT": 64,
            "ITEM": "the_vault:vault_gold",
            "NBT": "{}"
          },
          {
            "AMOUNT": 64,
            "ITEM": "the_vault:vault_diamond",
            "NBT": "{}"
          }
        ]
        
      },
      "unlockCategory": "VAULT_DISCOVERY",
      "typeSettings": {
        "BREW": "{abilityId:\"totem_wrath_8\"}",
        "MIXTURE": "{abilityId:\"totem_wrath_6\"}",
        "POTION": "{abilityId:\"totem_wrath_5\"}",
        "VIAL": "{abilityId:\"totem_wrath_4\"}"
      }
    },
    { "effectId": "cast_taunt_charm",
      "type": "cast_ability",
      "effectName": "Taunt Charm",
      "tooltip": "Casts lvl %2$s %1$s",
      "color": "#ff59e2",
      "craftingCosts": {
        "VIAL": [
          {
            "AMOUNT": 8,
            "ITEM": "the_vault:vault_gold",
            "NBT": "{}"
          },
          {
            "AMOUNT": 8,
            "ITEM": "the_vault:vault_diamond",
            "NBT": "{}"
          }
        ],
        "POTION": [
          {
            "AMOUNT": 16,
            "ITEM": "the_vault:vault_gold",
            "NBT": "{}"
          },
          {
            "AMOUNT": 16,
            "ITEM": "the_vault:vault_diamond",
            "NBT": "{}"
          }
        ],
        "MIXTURE": [
          {
            "AMOUNT": 32,
            "ITEM": "the_vault:vault_gold",
            "NBT": "{}"
          },
          {
            "AMOUNT": 32,
            "ITEM": "the_vault:vault_diamond",
            "NBT": "{}"
          }
        ],
        "BREW": [
          {
            "AMOUNT": 64,
            "ITEM": "the_vault:vault_gold",
            "NBT": "{}"
          },
          {
            "AMOUNT": 64,
            "ITEM": "the_vault:vault_diamond",
            "NBT": "{}"
          }
        ]
        
      },
      "unlockCategory": "VAULT_DISCOVERY",
      "typeSettings": {
        "BREW": "{abilityId:\"charm_6\"}",
        "MIXTURE": "{abilityId:\"charm_4\"}",
        "POTION": "{abilityId:\"charm_3\"}",
        "VIAL": "{abilityId:\"charm_2\"}"
      }
    },
    { "effectId": "cast_taunt",
      "type": "cast_ability",
      "effectName": "Taunt",
      "tooltip": "Casts lvl %2$s %1$s",
      "color": "#dedede",
      "craftingCosts": {
        "VIAL": [
          {
            "AMOUNT": 8,
            "ITEM": "the_vault:vault_gold",
            "NBT": "{}"
          },
          {
            "AMOUNT": 8,
            "ITEM": "the_vault:vault_diamond",
            "NBT": "{}"
          }
        ],
        "POTION": [
          {
            "AMOUNT": 16,
            "ITEM": "the_vault:vault_gold",
            "NBT": "{}"
          },
          {
            "AMOUNT": 16,
            "ITEM": "the_vault:vault_diamond",
            "NBT": "{}"
          }
        ],
        "MIXTURE": [
          {
            "AMOUNT": 32,
            "ITEM": "the_vault:vault_gold",
            "NBT": "{}"
          },
          {
            "AMOUNT": 32,
            "ITEM": "the_vault:vault_diamond",
            "NBT": "{}"
          }
        ],
        "BREW": [
          {
            "AMOUNT": 64,
            "ITEM": "the_vault:vault_gold",
            "NBT": "{}"
          },
          {
            "AMOUNT": 64,
            "ITEM": "the_vault:vault_diamond",
            "NBT": "{}"
          }
        ]
        
      },
      "unlockCategory": "VAULT_DISCOVERY",
      "typeSettings": {
        "BREW": "{abilityId:\"taunt_8\"}",
        "MIXTURE": "{abilityId:\"taunt_6\"}",
        "POTION": "{abilityId:\"taunt_4\"}",
        "VIAL": "{abilityId:\"taunt_2\"}"
      }
    },
    { "effectId": "cast_fear",
      "type": "cast_ability",
      "effectName": "Fear",
      "tooltip": "Casts lvl %2$s %1$s",
      "color": "#a5d3bd",
      "craftingCosts": {
        "VIAL": [
          {
            "AMOUNT": 8,
            "ITEM": "the_vault:vault_gold",
            "NBT": "{}"
          },
          {
            "AMOUNT": 8,
            "ITEM": "the_vault:vault_diamond",
            "NBT": "{}"
          }
        ],
        "POTION": [
          {
            "AMOUNT": 16,
            "ITEM": "the_vault:vault_gold",
            "NBT": "{}"
          },
          {
            "AMOUNT": 16,
            "ITEM": "the_vault:vault_diamond",
            "NBT": "{}"
          }
        ],
        "MIXTURE": [
          {
            "AMOUNT": 32,
            "ITEM": "the_vault:vault_gold",
            "NBT": "{}"
          },
          {
            "AMOUNT": 32,
            "ITEM": "the_vault:vault_diamond",
            "NBT": "{}"
          }
        ],
        "BREW": [
          {
            "AMOUNT": 64,
            "ITEM": "the_vault:vault_gold",
            "NBT": "{}"
          },
          {
            "AMOUNT": 64,
            "ITEM": "the_vault:vault_diamond",
            "NBT": "{}"
          }
        ]
        
      },
      "unlockCategory": "VAULT_DISCOVERY",
      "typeSettings": {
        "BREW": "{abilityId:\"fear_8\"}",
        "MIXTURE": "{abilityId:\"fear_6\"}",
        "POTION": "{abilityId:\"fear_4\"}",
        "VIAL": "{abilityId:\"fear_2\"}"
      }
    },
    { "effectId": "cast_mega_jump",
      "type": "cast_ability",
      "effectName": "Mega Jump",
      "tooltip": "Casts lvl %2$s %1$s",
      "color": "#FFEDBD",
      "craftingCosts": {
        "VIAL": [
          {
            "AMOUNT": 8,
            "ITEM": "the_vault:vault_gold",
            "NBT": "{}"
          },
          {
            "AMOUNT": 8,
            "ITEM": "the_vault:vault_diamond",
            "NBT": "{}"
          }
        ],
        "POTION": [
          {
            "AMOUNT": 16,
            "ITEM": "the_vault:vault_gold",
            "NBT": "{}"
          },
          {
            "AMOUNT": 16,
            "ITEM": "the_vault:vault_diamond",
            "NBT": "{}"
          }
        ],
        "MIXTURE": [
          {
            "AMOUNT": 32,
            "ITEM": "the_vault:vault_gold",
            "NBT": "{}"
          },
          {
            "AMOUNT": 32,
            "ITEM": "the_vault:vault_diamond",
            "NBT": "{}"
          }
        ],
        "BREW": [
          {
            "AMOUNT": 64,
            "ITEM": "the_vault:vault_gold",
            "NBT": "{}"
          },
          {
            "AMOUNT": 64,
            "ITEM": "the_vault:vault_diamond",
            "NBT": "{}"
          }
        ]
        
      },
      "unlockCategory": "VAULT_DISCOVERY",
      "typeSettings": {
        "BREW": "{abilityId:\"mega_jump_7\"}",
        "MIXTURE": "{abilityId:\"mega_jump_6\"}",
        "POTION": "{abilityId:\"mega_jump_5\"}",
        "VIAL": "{abilityId:\"mega_jump_4\"}"
      }
    },
    { "effectId": "cast_mega_drill",
      "type": "cast_ability",
      "effectName": "Mega Drill",
      "tooltip": "Casts lvl %2$s %1$s",
      "color": "#cccccc",
      "craftingCosts": {
        "VIAL": [
          {
            "AMOUNT": 8,
            "ITEM": "the_vault:vault_gold",
            "NBT": "{}"
          },
          {
            "AMOUNT": 8,
            "ITEM": "the_vault:vault_diamond",
            "NBT": "{}"
          }
        ],
        "POTION": [
          {
            "AMOUNT": 16,
            "ITEM": "the_vault:vault_gold",
            "NBT": "{}"
          },
          {
            "AMOUNT": 16,
            "ITEM": "the_vault:vault_diamond",
            "NBT": "{}"
          }
        ],
        "MIXTURE": [
          {
            "AMOUNT": 32,
            "ITEM": "the_vault:vault_gold",
            "NBT": "{}"
          },
          {
            "AMOUNT": 32,
            "ITEM": "the_vault:vault_diamond",
            "NBT": "{}"
          }
        ],
        "BREW": [
          {
            "AMOUNT": 64,
            "ITEM": "the_vault:vault_gold",
            "NBT": "{}"
          },
          {
            "AMOUNT": 64,
            "ITEM": "the_vault:vault_diamond",
            "NBT": "{}"
          }
        ]
        
      },
      "unlockCategory": "VAULT_DISCOVERY",
      "typeSettings": {
        "BREW": "{abilityId:\"mega_drill_5\"}",
        "MIXTURE": "{abilityId:\"mega_drill_4\"}",
        "POTION": "{abilityId:\"mega_drill_3\"}",
        "VIAL": "{abilityId:\"mega_drill_2\"}"
      }
    }
  ]
}