{
  "POOL": [
    {
      "value": {
        "id": "minecraft:diamond",
        "nbt": "{}",
        "amountMin": 1,
        "amountMax": 8
      },
      "weight": 256
    },
    {
      "value": {
        "id": "minecraft:emerald",
        "nbt": "{}",
        "amountMin": 1,
        "amountMax": 8
      },
      "weight": 256
    },
    {
      "value": {
        "id": "the_vault:gem_larimar",
        "nbt": "{}",
        "amountMin": 1,
        "amountMax": 8
      },
      "weight": 128
    },
    {
      "value": {
        "id": "the_vault:gem_echo",
        "nbt": "{}",
        "amountMin": 1,
        "amountMax": 1
      },
      "weight": 8
    },
    {
      "value": {
        "id": "the_vault:vault_platinum",
        "nbt": "{}",
        "amountMin": 1,
        "amountMax": 1
      },
      "weight": 8
    },
    {
      "value": {
        "id": "the_vault:gem_pog",
        "nbt": "{}",
        "amountMin": 1,
        "amountMax": 2
      },
      "weight": 1
    }
    
  ]
}