{
  "slimeClouds": [
    {
      "level": 0,
      "config": {
        "tooltipDisplayName": "",
        "potion": "the_vault:",
        "additionalEffects": [
          {
            "effect": "minecraft:poison",
            "duration": 120,
            "amplifier": 0
          }
        ],
        "duration": 80,
        "radius": 3.0,
        "color": -16711936,
        "affectsOwner": true,
        "triggerChance": 1.0
      }
    },
    {
      "level": 40,
      "config": {
        "tooltipDisplayName": "",
        "potion": "the_vault:",
        "additionalEffects": [
          {
            "effect": "minecraft:poison",
            "duration": 60,
            "amplifier": 1
          }
        ],
        "duration": 80,
        "radius": 3.0,
        "color": -16711936,
        "affectsOwner": true,
        "triggerChance": 1.0
      }
    },
    {
      "level": 75,
      "config": {
        "tooltipDisplayName": "",
        "potion": "the_vault:",
        "additionalEffects": [
          {
            "effect": "minecraft:poison",
            "duration": 120,
            "amplifier": 1
          }
        ],
        "duration": 80,
        "radius": 3.0,
        "color": -16711936,
        "affectsOwner": true,
        "triggerChance": 1.0
      }
    }
  ],
  "witchThrownEffects": [
    {
      "level": 0,
      "effects": [
        {
          "effect": "minecraft:poison",
          "amplifier": 0,
          "duration": 120
        }
      ]
    }
  ]
}