{
  "modifiers": {
    "the_vault:modifier_type/chance_artifact": {
      "the_vault:prosperous": {
        "properties": {
          "chance": 1.0
        },
        "display": {
          "name": "Prosperous",
          "color": "#EBFF8D",
          "description": "Completing this vault guarantees an Artifact!",
          "descriptionFormatted": "Completing this vault guarantees an artifact!",
          "icon": "the_vault:gui/modifiers/more_artifact1"
        }
      }
    },
    "the_vault:modifier_type/chance_catalyst": {
      "the_vault:prismatic": {
        "properties": {
          "chance": 0.25
        },
        "display": {
          "name": "Prismatic",
          "color": "#FC00E3",
          "description": "+25% Catalyst Fragments",
          "descriptionFormatted": "+%d%% Catalyst Fragments",
          "icon": "the_vault:gui/modifiers/more_catalyst"
        }
      }
    },
    "the_vault:modifier_type/chance_chest_trap": {
      "the_vault:looters_dream": {
        "properties": {
          "chance": -100.0
        },
        "display": {
          "name": "Looter's Dream",
          "color": "#A3E2F5",
          "description": "Chests can not be trapped",
          "icon": "the_vault:gui/modifiers/safezone"
        }
      },
      "the_vault:beginners_insurance": {
        "properties": {
          "chance": -100.0
        },
        "display": {
          "name": "Beginner's Insurance",
          "color": "#A3E2F5",
          "description": "Chests can not be trapped",
          "icon": "the_vault:gui/modifiers/safezone"
        }
      },
      "the_vault:trapped": {
        "properties": {
          "chance": 0.05
        },
        "display": {
          "name": "Trapped",
          "color": "#D35B00",
          "description": "+5% Chest Trap Chance",
          "descriptionFormatted": "+%d%% Chest Trap Chance",
          "icon": "the_vault:gui/modifiers/trapped"
        }
      },
      "the_vault:minefield": {
        "properties": {
          "chance": 0.4
        },
        "display": {
          "name": "Minefield",
          "color": "#D35B00",
          "description": "+40% Chest Trap Chance",
          "descriptionFormatted": "+%d%% Chest Trap Chance",
          "icon": "the_vault:gui/modifiers/trapped"
        }
      },
      "the_vault:tenos_favour_3": {
        "properties": {
          "chance": -0.01,
          "reputation": {
            "addendPerLevel": -0.01
          }
        },
        "display": {
          "name": "Tenos' Favour",
          "color": "#55FFFF",
          "description": "-1% Chest Trap Chance",
          "descriptionFormatted": "-%d%% Chest Trap Chance",
          "icon": "the_vault:gui/modifiers/tenos"
        }
      }
    },
    "the_vault:modifier_type/chance_soul_shard": {
      "the_vault:cake_haunted": {
        "properties": {
          "chance": 0.1
        },
        "display": {
          "name": "Haunted",
          "color": "#6410A1",
          "description": "+10% Soul Shard Drop Rate",
          "descriptionFormatted": "+%d%% Soul Shards",
          "icon": "the_vault:gui/modifiers/haunted"
        }
      },
      "the_vault:haunted": {
        "properties": {
          "chance": 0.5
        },
        "display": {
          "name": "Soul Harvest",
          "color": "#6410A1",
          "description": "+25% Soul Shard Drop Rate",
          "descriptionFormatted": "+%d%% Soul Shards",
          "icon": "the_vault:gui/modifiers/soul_shard_increase_yellow"
        }
      },
      "the_vault:soul_surge": {
        "properties": {
          "chance": 1.0
        },
        "display": {
          "name": "Soul Surge",
          "color": "#6410A1",
          "description": "+100% Soul Shard Drop Rate",
          "descriptionFormatted": "+%d%% Soul Shards",
          "icon": "the_vault:gui/modifiers/soul_shard_increase_pink"
        }
      },
      "the_vault:idona_soulchance": {
        "properties": {
          "chance": 2.0
        },
        "display": {
          "name": "Idona's Favour",
          "color": "#FF5555",
          "description": "+200% Soul Shard Drop Rate",
          "descriptionFormatted": "+%d%% Soul Shards",
          "icon": "the_vault:gui/modifiers/idona"
        }
      },
      "the_vault:idona_favour_2": {
        "properties": {
          "chance": 0.01,
          "reputation": {
            "addendPerLevel": 0.01
          }
        },
        "display": {
          "name": "Idona's Favour",
          "color": "#FF5555",
          "description": "+1% Soul Shard Drop Rate",
          "descriptionFormatted": "+%d%% Soul Shards",
          "icon": "the_vault:gui/modifiers/idona"
        }
      }
    },
    "the_vault:modifier_type/decorator_add": {
      "the_vault:coin_pile": {
        "properties": {
          "output": "the_vault:placeholder[type=coin_stacks]",
          "attemptsPerChunk": 12,
          "requireConditions": true
        },
        "display": {
          "name": "Coin Stacks",
          "color": "#ffae00",
          "description": "+1 Set of Coin Stacks",
          "icon": "the_vault:gui/modifiers/wealthy"
        }
      },
      "the_vault:gilded": {
        "properties": {
          "output": "the_vault:placeholder[type=gilded_chest]",
          "attemptsPerChunk": 8,
          "requireConditions": true
        },
        "display": {
          "name": "Bonus Gilded",
          "color": "#FFEC00",
          "description": "+1 Set of Gilded Chests",
          "icon": "the_vault:gui/modifiers/gilded_chests"
        }
      },
      "the_vault:living": {
        "properties": {
          "output": "the_vault:placeholder[type=living_chest]",
          "attemptsPerChunk": 8,
          "requireConditions": true
        },
        "display": {
          "name": "Bonus Living",
          "color": "#38d800",
          "description": "+1 Set of Living Chests",
          "icon": "the_vault:gui/modifiers/living_chests"
        }
      },
      "the_vault:ornate": {
        "properties": {
          "output": "the_vault:placeholder[type=ornate_chest]",
          "attemptsPerChunk": 8,
          "requireConditions": true
        },
        "display": {
          "name": "Bonus Ornate",
          "color": "#c90d73",
          "description": "+1 Set of Ornate Chests",
          "icon": "the_vault:gui/modifiers/ornate_chests"
        }
      },
      "the_vault:wild": {
        "properties": {
          "output": "the_vault:wild_spawner",
          "attemptsPerChunk": 16,
          "requireConditions": true
        },
        "display": {
          "name": "Wild",
          "color": "#E83F24",
          "description": "Mobs spawns Wildly inside the vault",
          "descriptionFormatted": "+1 Set of Wildly Spawned Mobs",
          "icon": "the_vault:gui/modifiers/crowded"
        }
      },
      "the_vault:collapsing": {
        "properties": {
          "output": "the_vault:vault_bedrock",
          "attemptsPerChunk": 256,
          "requireConditions": false
        },
        "display": {
          "name": "Collapsing",
          "color": "#E83F24",
          "description": "This vault seem to be collapsing",
          "descriptionFormatted": "This vault seem to be collapsing",
          "icon": "the_vault:gui/modifiers/chaotic"
        }
      },
      "the_vault:volcanic": {
        "properties": {
          "output": "minecraft:lava",
          "attemptsPerChunk": 20,
          "requireConditions": false
        },
        "display": {
          "name": "Volcanic",
          "color": "#E83F24",
          "description": "This vault seem to be hot",
          "descriptionFormatted": "HOT",
          "icon": "the_vault:gui/modifiers/volcanic"
        }
      },
      "the_vault:explosive": {
        "properties": {
          "output": "the_vault:custom_entity_spawner{spawnerGroupName: \"tnt\"}",
          "attemptsPerChunk": 16,
          "requireConditions": false
        },
        "display": {
          "name": "Explosive",
          "color": "#ff0000",
          "description": "This vault is explosive",
          "descriptionFormatted": "This vault is explosive",
          "icon": "the_vault:gui/modifiers/impossible"
        }
      },
      "the_vault:shulker": {
        "properties": {
          "output": "the_vault:custom_entity_spawner{spawnerGroupName: \"shulkerbullet\"}",
          "attemptsPerChunk": 24,
          "requireConditions": false
        },
        "display": {
          "name": "Shulkered",
          "color": "#CBC3E3",
          "description": "This vault is light weight",
          "descriptionFormatted": "This vault is light weight",
          "icon": "the_vault:gui/modifiers/impossible"
        }
      }
    },
    "the_vault:modifier_type/loot_item_quantity": {
      "the_vault:item_quantity": {
        "properties": {
          "percentage": 0.1
        },
        "display": {
          "name": "Opulent",
          "color": "#38C9C0",
          "description": "+10% Item Quantity",
          "descriptionFormatted": "+%d%% Item Quantity",
          "icon": "the_vault:gui/modifiers/opulent"
        }
      },
      "the_vault:lost_quantity": {
        "properties": {
          "percentage": -0.5
        },
        "display": {
          "name": "Baren",
          "color": "#a54726",
          "description": "Chests in this vault are only half filled",
          "descriptionFormatted": "Chests in this vault are only half filled",
          "icon": "the_vault:gui/modifiers/poor"
        }
      },
      "the_vault:hoard": {
        "properties": {
          "percentage": 0.5
        },
        "display": {
          "name": "Hoard",
          "color": "#38C9C0",
          "description": "+50% Item Quantity",
          "descriptionFormatted": "+%d%% Item Quantity",
          "icon": "the_vault:gui/modifiers/opulent"
        }
      },
      "the_vault:cake_item_quantity": {
        "properties": {
          "percentage": 0.01
        },
        "display": {
          "name": "Delicious",
          "color": "#38C9C0",
          "description": "+1% Item Quantity",
          "descriptionFormatted": "+%d%% Item Quantity",
          "icon": "the_vault:gui/modifiers/opulent"
        }
      },
      "the_vault:poor": {
        "properties": {
          "percentage": -0.25
        },
        "display": {
          "name": "Poor",
          "color": "#38C9C0",
          "description": "-25% Item Quantity",
          "descriptionFormatted": "-%d%% Item Quantity",
          "icon": "the_vault:gui/modifiers/poor"
        }
      },
      "the_vault:tenos_favour_2": {
        "properties": {
          "percentage": 0.25
        },
        "display": {
          "name": "Tenos' Favour",
          "color": "#55FFFF",
          "description": "Chests contain more loot",
          "descriptionFormatted": "+25%% Item Quantity",
          "icon": "the_vault:gui/modifiers/tenos"
        }
      }
    },
    "the_vault:modifier_type/loot_item_rarity": {
      "the_vault:cake_item_rarity": {
        "properties": {
          "percentage": 0.01
        },
        "display": {
          "name": "Sweet",
          "color": "#b3ff20",
          "description": "+1% Item Rarity",
          "descriptionFormatted": "+%d%% Item Rarity",
          "icon": "the_vault:gui/modifiers/lucky"
        }
      },
      "the_vault:item_rarity": {
        "properties": {
          "percentage": 0.20
        },
        "display": {
          "name": "Lucky",
          "color": "#b3ff20",
          "description": "+20% Item Rarity",
          "descriptionFormatted": "+%d%% Item Rarity",
          "icon": "the_vault:gui/modifiers/lucky"
        }
      },
      "the_vault:tenos_rarity": {
        "properties": {
          "percentage": 0.5
        },
        "display": {
          "name": "Tenos' Favour",
          "color": "#55FFFF",
          "description": "+50% Item Rarity",
          "descriptionFormatted": "+%d%% Item Rarity",
          "icon": "the_vault:gui/modifiers/tenos"
        }
      },
      "the_vault:treasure": {
        "properties": {
          "percentage": 0.5
        },
        "display": {
          "name": "Treasure",
          "color": "#b3ff20",
          "description": "+50% Item Rarity",
          "descriptionFormatted": "+%d%% Item Rarity",
          "icon": "the_vault:gui/modifiers/lucky"
        }
      },
      "the_vault:unlucky": {
        "properties": {
          "percentage": -0.5
        },
        "display": {
          "name": "Unlucky",
          "color": "#b3ff20",
          "description": "-50% Item Rarity",
          "descriptionFormatted": "-%d%% Item Rarity",
          "icon": "the_vault:gui/modifiers/unlucky"
        }
      },
      "the_vault:tenos_favour_1": {
        "properties": {
          "percentage": 0.01,
          "reputation": {
            "addendPerLevel": 0.01
          }
        },
        "display": {
          "name": "Tenos' Favour",
          "color": "#55FFFF",
          "description": "+1% Item Rarity",
          "descriptionFormatted": "+%d%% Item Rarity",
          "icon": "the_vault:gui/modifiers/tenos"
        }
      }
    },
    "the_vault:modifier_type/mob_attribute": {
      "the_vault:crit_mobs": {
        "properties": {
          "type": "crit_chance_additive",
          "amount": 1.0,
          "attributeStackingStrategy": "STACK"
        },
        "display": {
          "name": "Lethal",
          "color": "#dc693c",
          "description": "Mobs in this vault will always hit critical strikes",
          "descriptionFormatted": "Mobs in this vault will always hit critical strikes",
          "icon": "the_vault:gui/modifiers/destructive"
        }
      },
      "the_vault:chunky_mobs": {
        "properties": {
          "type": "max_health_additive_percentile",
          "amount": 0.1,
          "attributeStackingStrategy": "STACK"
        },
        "display": {
          "name": "Chunky Mobs",
          "color": "#dc693c",
          "description": "+10% Mob Health",
          "descriptionFormatted": "+%d%% Mob Health",
          "icon": "the_vault:gui/modifiers/chunky"
        }
      },
      "the_vault:cake_chunky_mobs": {
        "properties": {
          "type": "max_health_additive_percentile",
          "amount": 0.01,
          "attributeStackingStrategy": "STACK"
        },
        "display": {
          "name": "Heavy",
          "color": "#dc693c",
          "description": "+1% Mob Health",
          "descriptionFormatted": "+%d%% Mob Health",
          "icon": "the_vault:gui/modifiers/chunky"
        }
      },
      "the_vault:furious_mobs": {
        "properties": {
          "type": "attack_damage_additive_percentile",
          "amount": 0.1,
          "attributeStackingStrategy": "STACK"
        },
        "display": {
          "name": "Furious",
          "color": "#da6d5a",
          "description": "+10% Mob Damage",
          "descriptionFormatted": "+%d%% Mob Damage",
          "icon": "the_vault:gui/modifiers/furious"
        }
      },
      "the_vault:cake_furious_mobs": {
        "properties": {
          "type": "attack_damage_additive_percentile",
          "amount": 0.01,
          "attributeStackingStrategy": "STACK"
        },
        "display": {
          "name": "Anger",
          "color": "#da6d5a",
          "description": "+1% Mob Damage",
          "descriptionFormatted": "+%d%% Mob Damage",
          "icon": "the_vault:gui/modifiers/frenzy"
        }
      },
      "the_vault:infuriated_mobs": {
        "properties": {
          "type": "speed_additive_percentile",
          "amount": 0.05,
          "attributeStackingStrategy": "STACK"
        },
        "display": {
          "name": "Rapid Mobs",
          "color": "#f66868",
          "description": "+5% Mob Speed",
          "descriptionFormatted": "+%d%% Mob Speed",
          "icon": "the_vault:gui/modifiers/rapid_mobs"
        }
      }
    },
    "the_vault:modifier_type/mob_curse_on_hit": {
      "the_vault:fatiguing": {
        "properties": {
          "effect": "minecraft:mining_fatigue",
          "effectAmplifier": 4,
          "effectDurationTicks": 200,
          "onHitApplyChance": 0.1
        },
        "display": {
          "name": "Fatiguing",
          "color": "#9B3E56",
          "description": "+10% increased chance mobs Fatigue on hit",
          "descriptionFormatted": "+%d%% increased chance mobs Fatigue on hit",
          "icon": "the_vault:gui/modifiers/hex_chaining"
        }
      },
      "the_vault:freezing": {
        "properties": {
          "effect": "minecraft:slowness",
          "effectAmplifier": 5,
          "effectDurationTicks": 200,
          "onHitApplyChance": 0.1
        },
        "display": {
          "name": "Freezing",
          "color": "#2FFBF4",
          "description": "+10% increased chance mobs Slow on hit",
          "descriptionFormatted": "+%d%% increased chance mobs Slow on hit",
          "icon": "the_vault:gui/modifiers/hex_chilling"
        }
      },
      "the_vault:poisonous": {
        "properties": {
          "effect": "minecraft:poison",
          "effectAmplifier": 1,
          "effectDurationTicks": 200,
          "onHitApplyChance": 0.1
        },
        "display": {
          "name": "Poisonous",
          "color": "#84BF17",
          "description": "+10% increased chance mobs Poison on hit",
          "descriptionFormatted": "+%d%% increased chance mobs Poison on hit",
          "icon": "the_vault:gui/modifiers/hex_poison"
        }
      },
      "the_vault:wither": {
        "properties": {
          "effect": "minecraft:wither",
          "effectAmplifier": 2,
          "effectDurationTicks": 200,
          "onHitApplyChance": 0.1
        },
        "display": {
          "name": "Withering",
          "color": "#5A5851",
          "description": "+10% increased chance mobs Wither on hit",
          "descriptionFormatted": "+%d%% increased chance mobs Wither on hit",
          "icon": "the_vault:gui/modifiers/hex_wither"
        }
      },
      "the_vault:voiding": {
        "properties": {
          "effect": "the_vault:time_acceleration",
          "effectAmplifier": 5,
          "effectDurationTicks": 40,
          "onHitApplyChance": 0.1
        },
        "display": {
          "name": "Voiding",
          "color": "#5A5851",
          "description": "+10% increased chance mobs will void time on hit",
          "descriptionFormatted": "+%d%% increased chance mobs will void time on hit",
          "icon": "the_vault:gui/modifiers/hex_wither"
        }
      }
    },
    "the_vault:modifier_type/mob_frenzy": {
      "the_vault:frenzy": {
        "properties": {
          "damage": 3.0,
          "movementSpeed": 0.1,
          "maxHealth": 2.0,
          "doHealthReduction": true
        },
        "display": {
          "name": "Frenzy",
          "color": "#FC7C5C",
          "description": "+300% Mob Damage, +10% Mob Speed, Mob Health reduced to 1",
          "icon": "the_vault:gui/modifiers/frenzy"
        }
      }
    },
    "the_vault:modifier_type/mob_spawn_count": {
      "the_vault:crowded": {
        "properties": {
          "maxMobsAdded": 1
        },
        "display": {
          "name": "Crowded",
          "color": "#E83F24",
          "description": "+1 Mob Spawns",
          "descriptionFormatted": "+%d Mob Spawns",
          "icon": "the_vault:gui/modifiers/crowded"
        }
      },
      "the_vault:personal_space": {
        "properties": {
          "maxMobsAdded": -1
        },
        "display": {
          "name": "Personal Space",
          "color": "#F9B1FF",
          "description": "-1 Mob Spawns",
          "descriptionFormatted": "-%d Mob Spawns",
          "icon": "the_vault:gui/modifiers/personalspace"
        }
      }
    },
    "the_vault:modifier_type/player_attribute": {
      "the_vault:draining": {
        "properties": {
          "type": "mana_regen_additive_percentile",
          "amount": -0.1,
          "attributeStackingStrategy": "STACK"
        },
        "display": {
          "name": "Draining",
          "color": "#849dc8",
          "description": "-10% Mana Regeneration",
          "descriptionFormatted": "-%d%% Mana Regeneration",
          "icon": "the_vault:gui/modifiers/draining"
        }
      },
      "the_vault:mana_leak": {
        "properties": {
          "type": "mana_regen_additive_percentile",
          "amount": -20.0,
          "attributeStackingStrategy": "STACK"
        },
        "display": {
          "name": "Mana Leak",
          "color": "#849dc8",
          "description": "Players in this vault no longer regenerate mana",
          "descriptionFormatted": "Players in this vault no longer regenerate mana",
          "icon": "the_vault:gui/modifiers/draining"
        }
      },
      "the_vault:injured": {
        "properties": {
          "type": "max_health_additive",
          "amount": -2.0,
          "attributeStackingStrategy": "STACK"
        },
        "display": {
          "name": "Injured",
          "color": "#631F1F",
          "description": "-2 Health",
          "descriptionFormatted": "-%d Health",
          "icon": "the_vault:gui/modifiers/injured"
        }
      },
      "the_vault:wounded": {
        "properties": {
          "type": "max_health_additive",
          "amount": -10.0,
          "attributeStackingStrategy": "STACK"
        },
        "display": {
          "name": "Wounded",
          "color": "#631F1F",
          "description": "Removes 5 hearts",
          "descriptionFormatted": "-%d Health",
          "icon": "the_vault:gui/modifiers/injured"
        }
      },
      "the_vault:drained": {
        "properties": {
          "type": "mana_regen_additive_percentile",
          "amount": -0.7,
          "attributeStackingStrategy": "STACK"
        },
        "display": {
          "name": "Drained",
          "color": "#849dc8",
          "description": "-70% Mana Regeneration",
          "descriptionFormatted": "-%d%% Mana Regeneration",
          "icon": "the_vault:gui/modifiers/draining"
        }
      },
      "the_vault:idona_favour_1": {
        "properties": {
          "type": "attack_damage_additive_percentile",
          "amount": 0.5,
          "attributeStackingStrategy": "STACK"
        },
        "display": {
          "name": "Idona's Favour",
          "color": "#FF5555",
          "description": "Players deal more physical damage in this vault",
          "descriptionFormatted": "+50% Attack Damage",
          "icon": "the_vault:gui/modifiers/idona"
        }
      },
      
      "the_vault:velara_favour_3": {
        "properties": {
          "type": "max_health_additive_percentile",
          "amount": 0.01,
          "attributeStackingStrategy": "STACK",
          "reputation": {
            "addendPerLevel": 0.01
          }
        },
        "display": {
          "name": "Velara's Favour",
          "color": "#FF5555",
          "description": "+1% Max Health",
          "descriptionFormatted": "+%d%% Max Health",
          "icon": "the_vault:gui/modifiers/velara"
        }
      },
      "the_vault:wendarr_favour_1": {
        "properties": {
          "type": "mana_regen_additive_percentile",
          "amount": 0.01,
          "attributeStackingStrategy": "STACK",
          "reputation": {
            "addendPerLevel": 0.01
          }
        },
        "display": {
          "name": "Wendarr's Favour",
          "color": "#FFAA00",
          "description": "+1% Mana Regeneration",
          "descriptionFormatted": "+%d%% Mana Regeneration",
          "icon": "the_vault:gui/modifiers/wendarr"
        }
      },
      "the_vault:wendarr_regen": {
        "properties": {
          "type": "mana_regen_additive_percentile",
          "amount": 1.0,
          "attributeStackingStrategy": "STACK"
        },
        "display": {
          "name": "Wendarr's Favour",
          "color": "#FFAA00",
          "description": "+100% Mana Regeneration",
          "descriptionFormatted": "+%d%% Mana Regeneration",
          "icon": "the_vault:gui/modifiers/wendarr"
        }
      },
      "the_vault:wendarr_favour_2": {
        "properties": {
          "type": "mana_max_additive_percentile",
          "amount": 0.01,
          "attributeStackingStrategy": "STACK",
          "reputation": {
            "addendPerLevel": 0.01
          }
        },
        "display": {
          "name": "Wendarr's Favour",
          "color": "#FFAA00",
          "description": "+1% Max Mana",
          "descriptionFormatted": "+%d%% Max Mana",
          "icon": "the_vault:gui/modifiers/wendarr"
        }
      }
    },
    "the_vault:modifier_type/player_durability_damage": {
      "the_vault:frail": {
        "properties": {
          "durabilityDamageTakenMultiplier": 1.2
        },
        "display": {
          "name": "Frail",
          "color": "#7B7E7F",
          "description": "+20% Durability Damage",
          "descriptionFormatted": "+%d%% Durability Damage",
          "icon": "the_vault:gui/modifiers/frail"
        }
      },
      "the_vault:reinforced": {
        "properties": {
          "durabilityDamageTakenMultiplier": 0.9
        },
        "display": {
          "name": "Reinforced",
          "color": "#9550FF",
          "description": "-10% Durability Damage",
          "descriptionFormatted": "-%d%% Durability Damage",
          "icon": "the_vault:gui/modifiers/reinforced"
        }
      }
    },
    "the_vault:modifier_type/player_effect": {
      "the_vault:hunger": {
        "properties": {
          "effect": "minecraft:hunger",
          "effectAmplifier": 6,
          "operator": "add",
          "type": "icon_only"
        },
        "display": {
          "name": "Hunger",
          "color": "#E8DACD",
          "description": "Hunger",
          "descriptionFormatted": "+%d Hunger",
          "icon": "the_vault:gui/modifiers/hunger"
        }
      },
      "the_vault:lucky": {
        "properties": {
          "effect": "minecraft:luck",
          "effectAmplifier": 1,
          "operator": "add",
          "type": "icon_only"
        },
        "display": {
          "name": "Lucky",
          "color": "#b3ff20",
          "description": "+1 Luck",
          "descriptionFormatted": "+%d Luck",
          "icon": "the_vault:gui/modifiers/lucky"
        }
      },
      "the_vault:slowed": {
        "properties": {
          "effect": "minecraft:slowness",
          "effectAmplifier": 1,
          "operator": "add",
          "type": "icon_only"
        },
        "display": {
          "name": "Slowed",
          "color": "#4C6786",
          "description": "+1 Slowness",
          "descriptionFormatted": "+%d Slowness",
          "icon": "the_vault:gui/modifiers/slowed"
        }
      },
      "the_vault:slowed_t2": {
        "properties": {
          "effect": "minecraft:slowness",
          "effectAmplifier": 2,
          "operator": "add",
          "type": "icon_only"
        },
        "display": {
          "name": "Slowed T2",
          "color": "#4C6786",
          "description": "+2 Slowness",
          "descriptionFormatted": "+%d Slowness",
          "icon": "the_vault:gui/modifiers/slowed"
        }
      },
      "the_vault:speedy": {
        "properties": {
          "effect": "minecraft:speed",
          "effectAmplifier": 1,
          "operator": "add",
          "type": "icon_only"
        },
        "display": {
          "name": "Speedy",
          "color": "#00CDFF",
          "description": "+1 Speed",
          "descriptionFormatted": "+%d Speed",
          "icon": "the_vault:gui/modifiers/speed"
        }
      },
      "the_vault:wendarr_speed": {
        "properties": {
          "effect": "minecraft:speed",
          "effectAmplifier": 2,
          "operator": "add",
          "type": "icon_only"
        },
        "display": {
          "name": "Wendarr's Favour",
          "color": "#d89e01",
          "description": "Players move faster in this vault! (+2 Speed)",
          "descriptionFormatted": "Players move faster in this vault! (+2 Speed)",
          "icon": "the_vault:gui/modifiers/wendarr"
        }
      },
      "the_vault:stronk": {
        "properties": {
          "effect": "minecraft:strength",
          "effectAmplifier": 1,
          "operator": "add",
          "type": "icon_only"
        },
        "display": {
          "name": "Stronk",
          "color": "#5E12E5",
          "description": "+1 Strength",
          "descriptionFormatted": "+%d Strength",
          "icon": "the_vault:gui/modifiers/stronk"
        }
      },
      "the_vault:tired": {
        "properties": {
          "effect": "minecraft:mining_fatigue",
          "effectAmplifier": 1,
          "operator": "add",
          "type": "icon_only"
        },
        "display": {
          "name": "Mining Fatigue",
          "color": "#E8E9E1",
          "description": "+1 Mining Fatigue",
          "descriptionFormatted": "+%d Mining Fatigue",
          "icon": "the_vault:gui/modifiers/tired"
        }
      },
      "the_vault:tired_t2": {
        "properties": {
          "effect": "minecraft:mining_fatigue",
          "effectAmplifier": 3,
          "operator": "add",
          "type": "icon_only"
        },
        "display": {
          "name": "Mining Fatigue T2",
          "color": "#E8E9E1",
          "description": "+3 Mining Fatigue",
          "descriptionFormatted": "+%d Mining Fatigue",
          "icon": "the_vault:gui/modifiers/tired"
        }
      },
      "the_vault:weakened": {
        "properties": {
          "effect": "minecraft:weakness",
          "effectAmplifier": 1,
          "operator": "add",
          "type": "icon_only"
        },
        "display": {
          "name": "Weakened",
          "color": "#9F5300",
          "description": "+1 Weakness",
          "descriptionFormatted": "+%d Weakness",
          "icon": "the_vault:gui/modifiers/weakness"
        }
      },
      "the_vault:weakened_t2": {
        "properties": {
          "effect": "minecraft:weakness",
          "effectAmplifier": 3,
          "operator": "add",
          "type": "icon_only"
        },
        "display": {
          "name": "Weakened T2",
          "color": "#9F5300",
          "description": "+3 Weakness",
          "descriptionFormatted": "+%d Weakness",
          "icon": "the_vault:gui/modifiers/weakness"
        }
      },
      "the_vault:weakened_t3": {
        "properties": {
          "effect": "minecraft:weakness",
          "effectAmplifier": 6,
          "operator": "add",
          "type": "icon_only"
        },
        "display": {
          "name": "Weakened T3",
          "color": "#9F5300",
          "description": "+6 Weakness",
          "descriptionFormatted": "+%d Weakness",
          "icon": "the_vault:gui/modifiers/weakness"
        }
      },
      "the_vault:velara_favour_1": {
        "properties": {
          "effect": "minecraft:regeneration",
          "effectAmplifier": 1,
          "operator": "add",
          "type": "icon_only",
          "reputation": {
            "addendPerLevel": 0.02
          }
        },
        "display": {
          "name": "Velara's Favour",
          "color": "#55FF55",
          "description": "+1 Regeneration",
          "descriptionFormatted": "+%d Regeneration",
          "icon": "the_vault:gui/modifiers/velara"
        }
      }
    },
    "the_vault:modifier_type/player_inventory_restore": {
      "the_vault:afterlife": {
        "properties": {
          "preventsArtifact": false,
          "experienceMultiplierOnDeath": 0.0,
          "experienceMultiplierOnSuccess": 0.5,
          "isInstantRevival": false
        },
        "display": {
          "name": "Afterlife",
          "color": "#0FA6E3",
          "description": "If killed in the vault you will keep your inventory but receive a durability penalty.",
          "icon": "the_vault:gui/modifiers/afterlife"
        }
      },
      "the_vault:phoenix": {
        "properties": {
          "preventsArtifact": false,
          "experienceMultiplierOnDeath": 0.0,
          "experienceMultiplierOnSuccess": 1.0,
          "isInstantRevival": true
        },
        "display": {
          "name": "Phoenix",
          "color": "#FF8900",
          "description": "If killed in a vault you will be revived instantly and the Phoenix modifier will fizzle",
          "icon": "the_vault:gui/modifiers/phoenix"
        }
      },
      "the_vault:beginners_grace": {
        "properties": {
          "preventsArtifact": false,
          "experienceMultiplierOnDeath": 0.0,
          "experienceMultiplierOnSuccess": 1.0,
          "isInstantRevival": false
        },
        "display": {
          "name": "Beginner's Grace",
          "color": "#FF8900",
          "description": "If killed in the vault you will keep your inventory but receive a durability penalty.",
          "icon": "the_vault:gui/modifiers/beginners_grace"
        }
      },
      "the_vault:casual": {
        "properties": {
          "preventsArtifact": false,
          "experienceMultiplierOnDeath": 0.0,
          "experienceMultiplierOnSuccess": 1.0,
          "isInstantRevival": false
        },
        "display": {
          "name": "Casual Mode",
          "color": "#FF8900",
          "description": "If killed in the vault you will keep your inventory but receive a durability penalty.",
          "icon": "the_vault:gui/modifiers/beginners_grace"
        }
      }
    },
    "the_vault:modifier_type/player_no_exit": {
      "the_vault:locked": {
        "properties": {},
        "display": {
          "name": "Locked",
          "color": "#FF0000",
          "description": "Vault can't be bailed",
          "icon": "the_vault:gui/modifiers/raffle"
        }
      },
      "the_vault:raffle": {
        "properties": {},
        "display": {
          "name": "Raffle",
          "color": "#C5001B",
          "description": "Locks the vault",
          "icon": "the_vault:gui/modifiers/raffle"
        }
      }
    },
    "the_vault:modifier_type/player_no_vault_fruit": {
      "the_vault:rotten": {
        "properties": {},
        "display": {
          "name": "Rotten",
          "color": "#A0AF5B",
          "description": "Vault Powerups have no effect",
          "icon": "the_vault:gui/modifiers/rotten"
        }
      }
    },
    "the_vault:modifier_type/player_stat": {
      "the_vault:clumsy": {
        "properties": {
          "stat": "block_chance",
          "addend": -0.1
        },
        "display": {
          "name": "Clumsy",
          "color": "#CB866D",
          "description": "-10% Parry",
          "descriptionFormatted": "%d%% Parry",
          "icon": "the_vault:gui/modifiers/clumsy"
        }
      },
      "the_vault:inert": {
        "properties": {
          "stat": "cooldown_reduction",
          "addend": -0.1
        },
        "display": {
          "name": "Inert",
          "color": "#6DACB5",
          "description": "-10% Cooldown Reduction",
          "descriptionFormatted": "%d%% Cooldown Reduction",
          "icon": "the_vault:gui/modifiers/inert"
        }
      },
      "the_vault:wendarr_cdr": {
        "properties": {
          "stat": "cooldown_reduction",
          "addend": 0.5
        },
        "display": {
          "name": "Inert",
          "color": "#6DACB5",
          "description": "+50% Cooldown Reduction",
          "descriptionFormatted": "%d%% Cooldown Reduction",
          "icon": "the_vault:gui/modifiers/inert"
        }
      },
      "the_vault:vulnerable": {
        "properties": {
          "stat": "resistance",
          "addend": -0.1
        },
        "display": {
          "name": "Vulnerable",
          "color": "#CA9A5B",
          "description": "-10% Resistance",
          "descriptionFormatted": "%d%% Resistance",
          "icon": "the_vault:gui/modifiers/vulnerable"
        }
      },
      "the_vault:idona_favour_3": {
        "properties": {
          "stat": "leech",
          "addend": 0.005,
          "reputation": {
            "addendPerLevel": 0.0002
          }
        },
        "display": {
          "name": "Idona's Favour",
          "color": "#FF5555",
          "description": "+0.5% Leech",
          "descriptionFormatted": "+%d%% Leech",
          "icon": "the_vault:gui/modifiers/idona"
        }
      },
      "the_vault:antiheal": {
        "properties": {
          "stat": "healing_effectiveness",
          "addend": -0.2
        },
        "display": {
          "name": "Velara's Wrath",
          "color": "#849dc8",
          "description": "-20% Healing Efficiency",
          "descriptionFormatted": "-%d%% Healing Efficiency",
          "icon": "the_vault:gui/modifiers/velara"
        }
      },
      "the_vault:enervated": {
        "properties": {
          "stat": "healing_effectiveness",
          "addend": -0.8
        },
        "display": {
          "name": "Enervated",
          "color": "#849dc8",
          "description": "Healing in this vault is very inefficient",
          "descriptionFormatted": "Healing in this vault is very inefficient",
          "icon": "the_vault:gui/modifiers/antiheal"
        }
      },
      "the_vault:velara_favour_2": {
        "properties": {
          "stat": "healing_effectiveness",
          "addend": 0.5
        },
        "display": {
          "name": "Velara's Favour",
          "color": "#55FF55",
          "description": "Healing is more efficient! (+50% Healing Effectiveness)",
          "descriptionFormatted": "Healing is more efficient! (+%d%% Healing Effectiveness)",
          "icon": "the_vault:gui/modifiers/velara"
        }
      },
      "the_vault:wendarr_favour_3": {
        "properties": {
          "stat": "cooldown_reduction",
          "addend": 0.005,
          "reputation": {
            "addendPerLevel": 0.005
          }
        },
        "display": {
          "name": "Wendarr's Favour",
          "color": "#FF5555",
          "description": "+0.5% Cooldown Reduction",
          "descriptionFormatted": "+%d%% Cooldown Reduction",
          "icon": "the_vault:gui/modifiers/wendarr"
        }
      },
      "the_vault:idona_favour_ap": {
        "properties": {
          "type": "ability_power_percent",
          "amount": 0.5,
          "attributeStackingStrategy": "STACK"
        },
        "display": {
          "name": "Idona's Favour",
          "color": "#FF5555",
          "description": "Players deal more ability damage in this vault",
          "descriptionFormatted": "+50% Ability Power",
          "icon": "the_vault:gui/modifiers/idona"
        }
      }
    },
    "the_vault:modifier_type/vault_level": {
      "the_vault:difficult": {
        "properties": {
          "levelAdded": 3
        },
        "display": {
          "name": "Difficult",
          "color": "#E20000",
          "description": "+3 Vault Level",
          "descriptionFormatted": "+%d Vault Level",
          "icon": "the_vault:gui/modifiers/difficult"
        }
      },
      "the_vault:easy": {
        "properties": {
          "levelAdded": -3
        },
        "display": {
          "name": "Easy",
          "color": "#70FF2A",
          "description": "-3 Vault Level",
          "descriptionFormatted": "-%d Vault Level",
          "icon": "the_vault:gui/modifiers/easy"
        }
      }
    },
    "the_vault:modifier_type/vault_lootable_weight": {
      "the_vault:plentiful": {
        "properties": {
          "type": "ORE",
          "chance": 0.2
        },
        "display": {
          "name": "Plentiful",
          "color": "#FF85FF",
          "description": "+20% Vault Ores",
          "descriptionFormatted": "+%d%% Vault Ores",
          "icon": "the_vault:gui/modifiers/plentiful"
        }
      }
    },
    "the_vault:modifier_type/vault_time": {
      "the_vault:extended": {
        "properties": {
          "timeAddedTicks": 1200
        },
        "display": {
          "name": "Extended",
          "color": "#2F86AE",
          "description": "+1 minute Vault Time",
          "descriptionFormatted": "+%d minutes Vault Time",
          "icon": "the_vault:gui/modifiers/extended"
        }
      },
      "the_vault:shortened": {
        "properties": {
          "timeAddedTicks": -1200
        },
        "display": {
          "name": "Shortened",
          "color": "#2F86AE",
          "description": "-1 minute Vault Time",
          "descriptionFormatted": "-%d minutes Vault Time",
          "icon": "the_vault:gui/modifiers/rush"
        }
      },
      "the_vault:cherry": {
        "properties": {
          "timeAddedTicks": 600
        },
        "display": {
          "name": "Cherry",
          "color": "#2F86AE",
          "description": "+30 seconds Vault Time",
          "descriptionFormatted": "+%d seconds Vault Time",
          "icon": "the_vault:gui/modifiers/extended"
        }
      },
      "the_vault:rushed": {
        "properties": {
          "timeAddedTicks": -1200
        },
        "display": {
          "name": "Rushed",
          "color": "#FFCD6F",
          "description": "-1 minute Vault Time",
          "descriptionFormatted": "-%d minutes Vault Time",
          "icon": "the_vault:gui/modifiers/rush"
        }
      }
    },
    "the_vault:modifier_type/game_controls": {
      "the_vault:confused": {
        "properties": {
          "forward": true,
          "backward": true,
          "jump": true,
          "swapLeftAndRight": true
        },
        "display": {
          "name": "Confused",
          "color": "#7738C9",
          "description": "Left and Right swapped",
          "descriptionFormatted": "Left and Right swapped",
          "icon": "the_vault:gui/modifiers/confused"
        }
      },
      "the_vault:crab_walk": {
        "properties": {
          "forward": false,
          "backward": false,
          "jump": true,
          "swapLeftAndRight": false
        },
        "display": {
          "name": "Crab Walk",
          "color": "#7738C9",
          "description": "The only way is sideways",
          "descriptionFormatted": "The only way is sideways",
          "icon": "the_vault:gui/modifiers/crab_walk"
        }
      },
      "the_vault:jupiter_gravity": {
        "properties": {
          "forward": true,
          "backward": true,
          "jump": false,
          "swapLeftAndRight": false
        },
        "display": {
          "name": "Jupiter Gravity",
          "color": "#7738C9",
          "description": "No Jump",
          "descriptionFormatted": "No Jump",
          "icon": "the_vault:gui/modifiers/jupiter_gravity"
        }
      }
    },
    "the_vault:modifier_type/experience": {
      "the_vault:xp_reduction": {
        "properties": {
          "addend": -0.25
        },
        "display": {
          "name": "Vault XP Reduction",
          "color": "#DB7C00",
          "description": "-25% Vault XP Gained",
          "descriptionFormatted": "+%d%% Vault XP Gained",
          "icon": "the_vault:gui/modifiers/impossible"
        }
      },
      "the_vault:noxp": {
        "properties": {
          "addend": -1.0
        },
        "display": {
          "name": "No XP",
          "color": "#DB7C00",
          "description": "-100% Vault XP Gained",
          "descriptionFormatted": "+%d%% Vault XP Gained",
          "icon": "the_vault:gui/modifiers/impossible"
        }
      },
      "the_vault:xp_gain": {
        "properties": {
          "addend": 0.20
        },
        "display": {
          "name": "Accustomed",
          "color": "#DB7C00",
          "description": "+20% Vault Experience",
          "descriptionFormatted": "+%d%% Vault Experience",
          "icon": "the_vault:gui/modifiers/experienced"
        }
      },
      "the_vault:enlighted": {
        "properties": {
          "addend": 1.0
        },
        "display": {
          "name": "Enlightened",
          "color": "#DB7C00",
          "description": "+100% Vault Experience",
          "descriptionFormatted": "+%d%% Vault Experience",
          "icon": "the_vault:gui/modifiers/experienced"
        }
      }
    },
    "the_vault:modifier_type/inline_pool": {
      "the_vault:chaos": {
        "properties": {
          "pool": "the_vault:chaos",
          "level": 0
        },
        "display": {
          "name": "Chaos",
          "color": "#DB7C00",
          "description": "A Chaotic Experience",
          "icon": "the_vault:gui/modifiers/impossible"
        }
      },
      "the_vault:random_negative": {
        "properties": {
          "pool": "the_vault:random_negative",
          "level": 0
        },
        "display": {
          "name": "Random Negative",
          "color": "#fe3333",
          "description": "Unknown Negative Modifier",
          "icon": "the_vault:gui/modifiers/impossible"
        }
      }
    },
    "the_vault:modifier_type/decorator_cascade": {
      "the_vault:gilded_cascade": {
        "properties": {
          "filter": "the_vault:gilded_chest",
          "chance": 0.25
        },
        "display": {
          "name": "Gilded",
          "color": "#FFEC00",
          "description": "+25% Gilded Chests",
          "descriptionFormatted": "+%d%% Gilded Chests",
          "icon": "the_vault:gui/modifiers/gilded"
        }
      },
      "the_vault:living_cascade": {
        "properties": {
          "filter": "the_vault:living_chest",
          "chance": 0.25
        },
        "display": {
          "name": "Living",
          "color": "#38d800",
          "description": "+25% Living Chests",
          "descriptionFormatted": "+%d%% Living Chests",
          "icon": "the_vault:gui/modifiers/living"
        }
      },
      "the_vault:ornate_cascade": {
        "properties": {
          "filter": "the_vault:ornate_chest",
          "chance": 0.25
        },
        "display": {
          "name": "Ornate",
          "color": "#c90d73",
          "description": "+25% Ornate Chests",
          "descriptionFormatted": "+%d%% Ornate Chests",
          "icon": "the_vault:gui/modifiers/ornate"
        }
      },
      "the_vault:wooden_cascade": {
        "properties": {
          "filter": "the_vault:wooden_chest",
          "chance": 0.25
        },
        "display": {
          "name": "Wooden",
          "color": "#c7b281",
          "description": "+25% Wooden Chests",
          "descriptionFormatted": "+%d%% Wooden Chests",
          "icon": "the_vault:gui/modifiers/wooden"
        }
      },
      "the_vault:coin_cascade": {
        "properties": {
          "filter": "the_vault:coin_pile",
          "chance": 0.25
        },
        "display": {
          "name": "Wealthy",
          "color": "#ffae00",
          "description": "+25% Coin Piles",
          "descriptionFormatted": "+%d%% Coin Piles",
          "icon": "the_vault:gui/modifiers/wealthy"
        }
      },
      "the_vault:spawner_cascade": {
        "properties": {
          "filter": "the_vault:spawner_cascade",
          "chance": 0.3
        },
        "display": {
          "name": "Spawned",
          "color": "#c90d73",
          "description": "+30% Spawners",
          "descriptionFormatted": "+%d%% Spawners",
          "icon": "the_vault:gui/modifiers/wealhty"
        }
      }
    },
    "the_vault:modifier_type/chance_champion": {
      "the_vault:champion_chance": {
        "properties": {
          "chance": 0.1
        },
        "display": {
          "name": "Champion's Abode",
          "color": "#c346aa",
          "description": "+10% Chance for Champions to Spawn",
          "icon": "the_vault:gui/modifiers/champions_abode"
        }
      },
      "the_vault:champion_paradox": {
        "properties": {
          "chance": 0.02
        },
        "display": {
          "name": "More Champions",
          "color": "#5ece0c",
          "description": "+2% Chance for Champions to Spawn",
          "icon": "the_vault:gui/modifiers/champion_increase"
        }
      }
    },
    "the_vault:modifier_type/grouped": {
      "the_vault:herald": {
        "properties": {
          "children": {
            "the_vault:beginners_grace": 1,
            "the_vault:locked": 1,
            "the_vault:furious_mobs": 3
          }
        },
        "display": {
          "name": "Herald's Grace",
          "color": "#ad2b2b",
          "description": "Dying in this vault does not cause you any item loss, and this vault is of course locked.",
          "icon": "the_vault:gui/modifiers/beginners_grace"
        }
      },
      "the_vault:plunderer": {
        "properties": {
          "children": {
            "the_vault:noxp": 1,
            "the_vault:item_quantity": 1,
            "the_vault:plentiful": 1
          }
        },
        "display": {
          "name": "Plunderer",
          "color": "#d89e01",
          "description": "This vault yields no experience, but has 10% more loot and slightly more ores",
          "icon": "the_vault:gui/modifiers/plunderer"
        }
      },
      "the_vault:wendarr_favour": {
        "properties": {
          "children": {
            "the_vault:wendarr_regen": 1,
            "the_vault:wendarr_cdr": 1
          }
        },
        "display": {
          "name": "Wendarr's Favour",
          "color": "#d89e01",
          "description": "+100% Mana Regeneration & +50% Cooldown Reduction",
          "icon": "the_vault:gui/modifiers/wendarr"
        }
      },
      "the_vault:idona_dmg": {
        "properties": {
          "children": {
            "the_vault:idona_favour_1": 1,
            "the_vault:idona_ap": 1
          }
        },
        "display": {
          "name": "Idona's Favour",
          "color": "#FF5555",
          "description": "+50% Damage & +50% Ability Power",
          "icon": "the_vault:gui/modifiers/idona"
        }
      }
    },
    "the_vault:modifier_type/entity_effect": {
      "the_vault:ethereal": {
        "properties": {
          "filter": "",
          "effect": "the_vault:immortality",
          "amplifier": 0,
          "chance": 0.1
        },
        "display": {
          "name": "Ethereal",
          "color": "#a996ca",
          "description": "Mobs in this vault can spawn in as ethereal, being immune to any damage.",
          "icon": "the_vault:gui/modifiers/haunted"
        }
      }
    },
    "the_vault:modifier_type/no_soul_shards": {
      "the_vault:soulless": {
        "properties": {
          "filter": "",
          "chance": 1.0
        },
        "display": {
          "name": "Soulless",
          "color": "#a996ca",
          "description": "Mobs in this vault do not drop soul shards",
          "icon": "the_vault:gui/modifiers/no_soul_shard"
        }
      }
    },
    "the_vault:modifier_type/player_heal_cut": {
      "the_vault:fading": {
        "properties": {
        },
        "display": {
          "name": "Fading",
          "color": "#8f3b3b",
          "description": "Taking damage in this vault removes hearts instead of emptying them.",
          "icon": "the_vault:gui/modifiers/injured"
        }
      }
    }
    
  }
}